x_data,y_data,time
450.0,0.0,2022-06-03 09:27:46.234861
450.0,0.0,2022-06-03 09:27:46.258845
450.0,0.0,2022-06-03 09:27:46.378854
449.9800298339445,4.239428103219768,2022-06-03 09:27:46.410867
449.9201211082561,8.478479930514197,2022-06-03 09:27:46.442886
449.82027914021114,12.716779239354802,2022-06-03 09:27:46.474865
449.68051279141275,16.95394985400385,2022-06-03 09:27:46.506887
449.50083446700387,21.18961569890232,2022-06-03 09:27:46.530912
449.28126011456675,25.423400832048976,2022-06-03 09:27:46.562900
449.02180922270696,29.654929478367592,2022-06-03 09:27:46.594883
448.7225048193241,33.883826063059324,2022-06-03 09:27:46.626892
448.3833734695677,38.10971524493741,2022-06-03 09:27:46.658885
448.00444527347923,42.33222194974097,2022-06-03 09:27:46.690889
447.58575386332114,46.55097140342528,2022-06-03 09:27:46.719610
447.127336400591,50.76558916542528,2022-06-03 09:27:46.751611
446.6292335727237,54.97570116188957,2022-06-03 09:27:46.775615
446.0914895894802,59.180933718881775,2022-06-03 09:27:46.807615
445.5141521790232,63.3809135955465,2022-06-03 09:27:46.839634
444.8972725836815,67.5752680172368,2022-06-03 09:27:46.863625
444.2409055554015,71.76362470860022,2022-06-03 09:27:46.895628
443.5451093508879,75.94561192662066,2022-06-03 09:27:46.919664
442.80994572643294,80.12085849361284,2022-06-03 09:27:46.951877
442.03547993243495,84.28899383016669,2022-06-03 09:27:46.983638
441.2217807076075,88.44964798803862,2022-06-03 09:27:47.007639
440.3689202728777,92.6024516829867,2022-06-03 09:27:47.039641
439.4769743249768,96.747036327547,2022-06-03 09:27:47.063647
438.54602202972114,100.88303406374803,2022-06-03 09:27:47.095700
437.576146014986,105.0100777957605,2022-06-03 09:27:47.127669
436.5674323633716,109.12780122247926,2022-06-03 09:27:47.151655
435.519970604563,113.23583887003502,2022-06-03 09:27:47.183660
434.43385370738366,117.3338261242323,2022-06-03 09:27:47.215662
433.3091780715436,121.42139926291125,2022-06-03 09:27:47.239686
432.1460435190839,125.49819548823035,2022-06-03 09:27:47.271670
430.9445532855162,129.56385295886696,2022-06-03 09:27:47.303694
429.7048140106605,133.61801082213304,2022-06-03 09:27:47.327672
428.42693572917983,137.66030924600304,2022-06-03 09:27:47.359693
427.1110318608142,141.69038945105135,2022-06-03 09:27:47.391705
425.75721920031344,145.70789374229605,2022-06-03 09:27:47.415715
424.36561790707174,149.7124655409469,2022-06-03 09:27:47.447688
422.93635149446186,153.70374941605365,2022-06-03 09:27:47.479689
421.4695468188732,157.68139111605294,2022-06-03 09:27:47.503694
419.96533406845214,161.64503760021026,2022-06-03 09:27:47.535696
418.4238467515472,165.5943370699546,2022-06-03 09:27:47.567700
416.8452216848592,169.52893900010284,2022-06-03 09:27:47.599708
415.229598981298,173.4484941699709,2022-06-03 09:27:47.623706
413.57712203754664,177.35265469436948,2022-06-03 09:27:47.647709
411.8879375213338,181.2410740544808,2022-06-03 09:27:47.671710
410.1621953584164,185.11340712861465,2022-06-03 09:27:47.695736
408.4000487192725,188.96931022283985,2022-06-03 09:27:47.725657
406.60165400550636,192.80844110148934,2022-06-03 09:27:47.749882
404.76717083596736,196.63045901753577,2022-06-03 09:27:47.773671
402.89676203258216,200.43502474283494,2022-06-03 09:27:47.797678
400.9905936059037,204.22180059823435,2022-06-03 09:27:47.813997
399.04883474037644,207.99045048354446,2022-06-03 09:27:47.837678
397.0716577793202,211.74063990736968,2022-06-03 09:27:47.861682
395.059238209634,215.47203601679652,2022-06-03 09:27:47.885686
393.0117546462198,219.18430762693643,2022-06-03 09:27:47.909688
390.92938881613,222.87712525032052,2022-06-03 09:27:47.933692
388.8123255424374,226.55016112614368,2022-06-03 09:27:47.957697
386.6607527278316,230.20308924935537,2022-06-03 09:27:47.981697
384.47486133794087,233.83558539959472,2022-06-03 09:27:48.005739
382.2548453843832,237.44732716996688,2022-06-03 09:27:48.029730
380.00090190754634,241.03799399565904,2022-06-03 09:27:48.053737
377.7132309590992,244.60726718239226,2022-06-03 09:27:48.077734
375.392035584236,248.15482993470766,2022-06-03 09:27:48.101926
373.037521803655,251.68036738408418,2022-06-03 09:27:48.125729
370.6498985952726,255.18356661688492,2022-06-03 09:27:48.149712
368.2293778756752,258.66411670213023,2022-06-03 09:27:48.173715
365.77617448131025,262.121708719095,2022-06-03 09:27:48.197721
363.2905061494186,265.55603578472704,2022-06-03 09:27:48.221721
360.7725934987085,268.9667930808851,2022-06-03 09:27:48.245727
358.22266000977413,272.3536778813933,2022-06-03 09:27:48.269726
355.64093200526116,275.7163895789099,2022-06-03 09:27:48.293729
353.0276386297781,279.05462971160824,2022-06-03 09:27:48.317742
350.38301182955905,282.3681019896672,2022-06-03 09:27:48.341732
347.7072863318767,285.65651232156836,2022-06-03 09:27:48.365738
345.0006996242088,288.9195688401989,2022-06-03 09:27:48.389739
342.2634919331599,292.15698192875664,2022-06-03 09:27:48.413741
339.49590620313927,295.3684642464548,2022-06-03 09:27:48.437744
336.69818807479857,298.55373075402616,2022-06-03 09:27:48.461746
333.8705858632294,301.7124987390214,2022-06-03 09:27:48.493752
331.0133505359237,304.8444878409018,2022-06-03 09:27:48.517754
328.12673569049895,307.94942007592323,2022-06-03 09:27:48.541755
325.21099753218994,311.02701986180875,2022-06-03 09:27:48.565919
322.26639485110854,314.0770140422082,2022-06-03 09:27:48.589976
319.29318899927483,317.09913191094256,2022-06-03 09:27:48.613802
316.2916438674203,320.0931052360312,2022-06-03 09:27:48.637800
313.26202586156586,323.0586682834987,2022-06-03 09:27:48.661804
310.2046038793767,325.9955578409605,2022-06-03 09:27:48.685802
307.1196492862957,328.90351324098486,2022-06-03 09:27:48.715007
304.00743589145867,331.78227638422857,2022-06-03 09:27:48.733121
300.8682399233912,334.63159176234495,2022-06-03 09:27:48.757126
297.7023400054922,337.4512064806619,2022-06-03 09:27:48.781126
294.51001713130444,340.24087028062746,2022-06-03 09:27:48.805129
291.29155463957386,343.00033556202266,2022-06-03 09:27:48.829134
288.0472381891024,345.72935740493676,2022-06-03 09:27:48.853134
284.7773557333934,348.4276935915059,2022-06-03 09:27:48.877137
281.48219749509406,351.0951046274113,2022-06-03 09:27:48.901142
278.16205594023637,353.7313537631359,2022-06-03 09:27:48.925142
274.8172257522789,356.3362070149776,2022-06-03 09:27:48.949147
271.4480038059517,358.9094331858164,2022-06-03 09:27:48.973154
268.05468914090716,361.4508038856348,2022-06-03 09:27:48.997155
264.6375829351778,363.9600935517889,2022-06-03 09:27:49.021369
261.19698847844523,366.43707946902833,2022-06-03 09:27:49.045179
257.73321114512106,368.8815417892639,2022-06-03 09:27:49.069184
254.24655836724324,371.29326355108026,2022-06-03 09:27:49.093179
250.73733960718937,373.6720306989928,2022-06-03 09:27:49.117164
247.20586633020986,376.017632102446,2022-06-03 09:27:49.141197
243.65245197678374,378.32985957455315,2022-06-03 09:27:49.165206
240.07741193479853,380.6085078905739,2022-06-03 09:27:49.189385
236.48106351155778,382.8533748061294,2022-06-03 09:27:49.213195
232.8637259056179,385.06426107515256,2022-06-03 09:27:49.237393
229.22572017845752,387.24097046757265,2022-06-03 09:27:49.261205
225.5673692259809,389.3833097867319,2022-06-03 09:27:49.285202
221.88899774985927,391.49108888653257,2022-06-03 09:27:49.317211
218.19093222871126,393.5641206883142,2022-06-03 09:27:49.341220
214.47350088912586,395.60222119745754,2022-06-03 09:27:49.365232
210.7370336765305,397.6052095197155,2022-06-03 09:27:49.397229
206.981862225906,399.57290787726845,2022-06-03 09:27:49.421216
203.20831983235212,401.5051416245034,2022-06-03 09:27:49.453424
199.41674142150544,403.4017392635144,2022-06-03 09:27:49.477206
195.60746351981228,405.2625324593248,2022-06-03 09:27:49.501419
191.78082422466062,407.0873560548274,2022-06-03 09:27:49.525247
187.9371631743711,408.8760480854434,2022-06-03 09:27:49.549215
184.07682151805233,410.62844979349774,2022-06-03 09:27:49.573229
180.20014188532167,412.34440564231005,2022-06-03 09:27:49.598151
176.3074683558947,414.02376332999916,2022-06-03 09:27:49.622166
172.39914642904606,415.6663738030012,2022-06-03 09:27:49.646165
168.47552299294404,417.27209126929876,2022-06-03 09:27:49.670209
164.5369462938623,418.84077321136095,2022-06-03 09:27:49.694192
160.58376590527052,420.3722803987928,2022-06-03 09:27:49.719284
156.61633269680794,421.86647690069276,2022-06-03 09:27:49.739619
152.63499880314114,423.3232300977175,2022-06-03 09:27:49.763618
148.64011759271003,424.74241069385255,2022-06-03 09:27:49.787624
144.6320436363641,426.1238927278883,2022-06-03 09:27:49.811626
140.61113267589215,427.4675535845997,2022-06-03 09:27:49.835626
136.57774159244786,428.7732740056294,2022-06-03 09:27:49.859628
132.5322283748743,430.04093810007225,2022-06-03 09:27:49.883629
128.47495208793032,431.2704333547618,2022-06-03 09:27:49.907632
124.40627284042122,432.46165064425617,2022-06-03 09:27:49.931632
120.32655175323669,433.614484240524,2022-06-03 09:27:49.955636
116.23615092729943,434.7288318223281,2022-06-03 09:27:49.979641
112.13543341142577,435.80459448430753,2022-06-03 09:27:50.003643
108.02476317010355,436.84167674575536,2022-06-03 09:27:50.027645
103.90450505118753,437.83998655909414,2022-06-03 09:27:50.051649
99.77502475351692,438.7994353180449,2022-06-03 09:27:50.075650
95.63668879445737,439.71993786549194,2022-06-03 09:27:50.099654
91.48986447737016,440.60141250104095,2022-06-03 09:27:50.123656
87.33491985901185,441.4437809882703,2022-06-03 09:27:50.147682
83.17222371686675,442.2469685616754,2022-06-03 09:27:50.171661
79.00214551641578,443.010903933304,2022-06-03 09:27:50.195666
74.82505537834389,443.735519299084,2022-06-03 09:27:50.219682
70.64132404568974,444.42075034484145,2022-06-03 09:27:50.243672
66.45132285093973,445.06653625200823,2022-06-03 09:27:50.267750
62.255423683069985,445.672819703021,2022-06-03 09:27:50.291674
58.0539989545389,446.23954688640765,2022-06-03 09:27:50.307693
53.84742156823312,446.7666675015639,2022-06-03 09:27:50.331889
49.63606488437013,447.25413476321785,2022-06-03 09:27:50.355685
45.420302687360106,447.7019054055819,2022-06-03 09:27:50.379689
41.20050915263028,448.10993968619357,2022-06-03 09:27:50.403690
36.97705881341447,448.47820138944246,2022-06-03 09:27:50.427694
32.75032652751091,448.8066578297847,2022-06-03 09:27:50.451722
28.52068744401133,449.09527985464405,2022-06-03 09:27:50.475697
24.28851697000378,449.3440418469993,2022-06-03 09:27:50.499717
20.05419073725342,449.5529217276581,2022-06-03 09:27:50.523722
15.818084568862481,449.72190095721635,2022-06-03 09:27:50.547724
11.580574445913678,449.85096453770404,2022-06-03 09:27:50.571705
7.34203647409953,449.9401010139161,2022-06-03 09:27:50.595747
3.1028468503406144,449.98930247442917,2022-06-03 09:27:50.619726
-1.1366181706042833,449.9985645523041,2022-06-03 09:27:50.643737
-5.375982309533143,449.96788642547324,2022-06-03 09:27:50.667758
-9.614869296197858,449.8972708168133,2022-06-03 09:27:50.691752
-13.852902902700588,449.786723993904,2022-06-03 09:27:50.715755
-18.089706976886355,449.6362557684716,2022-06-03 09:27:50.736419
-22.324905475728908,449.44587949551806,2022-06-03 09:27:50.760422
-26.55812249870692,449.21561207213585,2022-06-03 09:27:50.784424
-30.788982321167506,448.945473936008,2022-06-03 09:27:50.808427
-35.01710942767417,448.63548906359415,2022-06-03 09:27:50.832434
-39.242128545336165,448.2856849680026,2022-06-03 09:27:50.856433
-43.46366467711629,447.8960926965485,2022-06-03 09:27:50.880435
-47.681343135114275,447.46674682799784,2022-06-03 09:27:50.904438
-51.89478957382269,446.99768546949844,2022-06-03 09:27:50.928442
-56.10363002335243,446.488950253198,2022-06-03 09:27:50.952448
-60.30749092262493,445.9405863325489,2022-06-03 09:27:50.976449
-64.50599915252793,445.35264237830006,2022-06-03 09:27:51.000451
-68.69878206903262,444.72517057417787,2022-06-03 09:27:51.024457
-72.8854675362674,444.05822661225375,2022-06-03 09:27:51.048674
-77.06568395954783,443.35186968800195,2022-06-03 09:27:51.072470
-81.23906031835783,442.60616249504506,2022-06-03 09:27:51.096496
-85.40522619928005,441.8211712195895,2022-06-03 09:27:51.122805
-89.56381182887249,440.9969655345514,2022-06-03 09:27:51.146841
-93.71444810648813,440.13361859337255,2022-06-03 09:27:51.170856
-97.85676663703497,439.23120702352753,2022-06-03 09:27:51.194835
-101.99039976367341,438.28981091972247,2022-06-03 09:27:51.218833
-106.11498060044808,437.30951383678644,2022-06-03 09:27:51.242856
-110.23014306485139,436.2904027822551,2022-06-03 09:27:51.266839
-114.33552191031549,435.23256820864833,2022-06-03 09:27:51.290825
-118.43075275863033,434.13610400544223,2022-06-03 09:27:51.314861
-122.51547213228446,433.0011074907355,2022-06-03 09:27:51.338829
-126.58931748672593,431.8276794026118,2022-06-03 09:27:51.362862
-130.6519272425405,430.6159238901993,2022-06-03 09:27:51.386837
-134.70294081754398,429.36594850442583,2022-06-03 09:27:51.410838
-138.74199865878617,428.07786418847377,2022-06-03 09:27:51.434839
-142.76874227446356,426.75178526793275,2022-06-03 09:27:51.458844
-146.78281426573764,425.38782944065287,2022-06-03 09:27:51.482847
-150.7838583584562,423.9861177662979,2022-06-03 09:27:51.506848
-154.77151943477529,422.54677465560064,2022-06-03 09:27:51.530851
-158.74544356467766,421.06992785932096,2022-06-03 09:27:51.554854
-162.70527803738653,419.55570845690653,2022-06-03 09:27:51.578857
-166.65067139267094,418.00425084485926,2022-06-03 09:27:51.602984
-170.58127345203997,416.4156927248064,2022-06-03 09:27:51.627065
-174.49673534982327,414.7901750912788,2022-06-03 09:27:51.650888
-178.39670956413516,413.12784221919685,2022-06-03 09:27:51.674913
-182.2808499477193,411.4288416510649,2022-06-03 09:27:51.706971
-186.1488117586715,409.6933241838762,2022-06-03 09:27:51.732445
-190.00025169103776,407.9214438557285,2022-06-03 09:27:51.751775
-193.8348279052847,406.11335793215255,2022-06-03 09:27:51.775687
-197.65220005864006,404.26922689215326,2022-06-03 09:27:51.799678
-201.45202933530038,402.3892144139667,2022-06-03 09:27:51.823680
-205.23397847650273,400.4734873605323,2022-06-03 09:27:51.847684
-208.9977118104589,398.52221576468276,2022-06-03 09:27:51.871686
-212.7428952821481,396.5355728140528,2022-06-03 09:27:51.895693
-216.46919648296665,394.5137348357073,2022-06-03 09:27:51.919695
-220.1762846802312,392.4568812804915,2022-06-03 09:27:51.943698
-223.86383084653332,390.36519470710334,2022-06-03 09:27:51.967699
-227.53150768894298,388.2388607658905,2022-06-03 09:27:51.991701
-231.17898967805752,386.0780681823724,2022-06-03 09:27:52.007720
-234.80595307689475,383.88300874048997,2022-06-03 09:27:52.031727
-238.4120759696264,381.6538772655835,2022-06-03 09:27:52.055716
-241.9970382901503,379.3908716071006,2022-06-03 09:27:52.079732
-245.5605218504983,377.0941926210359,2022-06-03 09:27:52.103729
-249.10221036907737,374.7640441521037,2022-06-03 09:27:52.136155
-252.62178949874152,372.40063301564555,2022-06-03 09:27:52.160161
-256.11894685469235,370.0041689792742,2022-06-03 09:27:52.184131
-259.5933720422047,367.5748647442552,2022-06-03 09:27:52.208131
-263.0447566841768,365.1129359266284,2022-06-03 09:27:52.232134
-266.47279444849994,362.6186010380707,2022-06-03 09:27:52.256154
-269.8771810752479,360.0920814665019,2022-06-03 09:27:52.280139
-273.257614403682,357.53360145643467,2022-06-03 09:27:52.304142
-276.61379439906915,354.9433880890719,2022-06-03 09:27:52.328144
-279.94542317931246,352.3216712621517,2022-06-03 09:27:52.352168
-283.2522050413897,349.6686836695424,2022-06-03 09:27:52.376150
-286.5338464875992,346.9846607805897,2022-06-03 09:27:52.400177
-289.7900562516093,344.2698408192171,2022-06-03 09:27:52.424156
-293.02054532431026,341.52446474278213,2022-06-03 09:27:52.448194
-296.2250269794655,338.74877622068976,2022-06-03 09:27:52.472162
-299.4032167991605,335.94302161276534,2022-06-03 09:27:52.496165
-302.5548326990465,333.1074499473886,2022-06-03 09:27:52.520166
-305.67959495337755,330.2423128993907,2022-06-03 09:27:52.544168
-308.7772262198375,327.3478647677166,2022-06-03 09:27:52.568196
-311.84745156415636,324.42436245285455,2022-06-03 09:27:52.592192
-314.88999848451215,321.4720654340342,2022-06-03 09:27:52.616200
-317.90459693571705,318.4912357461964,2022-06-03 09:27:52.640204
-320.89097935318597,315.48213795673627,2022-06-03 09:27:52.664206
-323.84888067668436,312.4450391420204,2022-06-03 09:27:52.688206
-326.7780383738539,309.38020886368287,2022-06-03 09:27:52.712436
-329.67819246351416,306.28791914469974,2022-06-03 09:27:52.748475
-332.54908553873724,303.1684444452451,2022-06-03 09:27:52.772111
-335.39046278969454,300.0220616383311,2022-06-03 09:27:52.796115
-338.2020720262727,296.8490499852339,2022-06-03 09:27:52.820116
-340.9836637004567,293.6496911107073,2022-06-03 09:27:52.844150
-343.7349909284795,290.4242689779869,2022-06-03 09:27:52.868123
-346.45580951273377,287.1730698635865,2022-06-03 09:27:52.892124
-349.14587796344654,283.896382331889,2022-06-03 09:27:52.916128
-351.8049575201126,280.59449720953506,2022-06-03 09:27:52.940132
-354.4328121726862,277.2677075596099,2022-06-03 09:27:52.964139
-357.0292086825283,273.91630865563235,2022-06-03 09:27:52.988154
-359.593916603108,270.5405979553475,2022-06-03 09:27:53.012176
-362.12670830045624,267.1408750743253,2022-06-03 09:27:53.036141
-364.62735897336944,263.7174417593679,2022-06-03 09:27:53.060165
-367.0956466733624,260.2706018617275,2022-06-03 09:27:53.084172
-369.53135232436733,256.80066131013814,2022-06-03 09:27:53.108197
-371.9342597421785,253.30792808366206,2022-06-03 09:27:53.132182
-374.30415565363955,249.79271218435488,2022-06-03 09:27:53.156155
-376.6408297155734,246.25532560975097,2022-06-03 09:27:53.180190
-378.94407453345076,242.69608232517172,2022-06-03 09:27:53.204157
-381.2136856797985,239.11529823585892,2022-06-03 09:27:53.228161
-383.4494617123436,235.51329115893648,2022-06-03 09:27:53.252463
-385.6512041918918,231.890380795202,2022-06-03 09:27:53.276167
-387.8187176999414,228.24688870075133,2022-06-03 09:27:53.300168
-389.95180985602696,224.58313825843865,2022-06-03 09:27:53.324170
-392.05029133479513,220.8994546491735,2022-06-03 09:27:53.348197
-394.11397588280755,217.19616482305986,2022-06-03 09:27:53.372193
-396.1426803350726,213.47359747037683,2022-06-03 09:27:53.404204
-398.1362246313024,209.73208299240514,2022-06-03 09:27:53.428186
-400.09443183189404,205.9719534721023,2022-06-03 09:27:53.452185
-402.0171281336344,202.1935426446279,2022-06-03 09:27:53.476188
-403.9041428851261,198.39718586772258,2022-06-03 09:27:53.500191
-405.75530860193373,194.58322009194302,2022-06-03 09:27:53.516191
-407.5704609814495,190.75198383075525,2022-06-03 09:27:53.548197
-409.34943891747605,186.90381713048973,2022-06-03 09:27:53.572198
-411.09208451452525,183.03906154015976,2022-06-03 09:27:53.596230
-412.79824310183307,179.15806008114714,2022-06-03 09:27:53.620420
-414.46776324708685,175.2611572167568,2022-06-03 09:27:53.644229
-416.1004967698666,171.3486988216434,2022-06-03 09:27:53.668232
-417.69629875479626,167.4210321511129,2022-06-03 09:27:53.692229
-419.25502756440653,163.47850581030136,2022-06-03 09:27:53.724877
-420.77654485170547,159.52146972323413,2022-06-03 09:27:53.748878
-422.2607155724581,155.55027510176785,2022-06-03 09:27:53.772881
-423.70740799717214,151.56527441441824,2022-06-03 09:27:53.796884
-425.1164937227901,147.5668213550762,2022-06-03 09:27:53.820891
-426.4878476840856,143.55527081161537,2022-06-03 09:27:53.845107
-427.8213481647638,139.53097883439344,2022-06-03 09:27:53.868891
-429.11687680826464,135.4943026046506,2022-06-03 09:27:53.892895
-430.3743186282674,131.4456004028074,2022-06-03 09:27:53.916929
-431.5935620188969,127.3852315766651,2022-06-03 09:27:53.940900
-432.7744987646287,123.31355650951124,2022-06-03 09:27:53.964924
-433.9170240498942,119.23093658813347,2022-06-03 09:27:53.988907
-435.021036468384,115.13773417074408,2022-06-03 09:27:54.012941
-436.08643803204757,111.03431255481854,2022-06-03 09:27:54.036925
-437.113134179791,106.92103594485044,2022-06-03 09:27:54.061019
-438.1010337858696,102.79826942002617,2022-06-03 09:27:54.084915
-439.050049167976,98.66637890182177,2022-06-03 09:27:54.108947
-439.96009609502215,94.52573112152511,2022-06-03 09:27:54.132938
-440.831093794616,90.37669358768618,2022-06-03 09:27:54.148922
-441.66296496022983,86.21963455349841,2022-06-03 09:27:54.172925
-442.45563575806233,82.05492298411387,2022-06-03 09:27:54.196930
-443.20903583359154,77.8829285238953,2022-06-03 09:27:54.220930
-443.92309831781904,73.7040214636078,2022-06-03 09:27:54.236931
-444.59775983320543,69.51857270755328,2022-06-03 09:27:54.260951
-445.2329604992952,65.32695374065027,2022-06-03 09:27:54.285010
-445.82864393803146,61.129536595462376,2022-06-03 09:27:54.300962
-446.38475727876005,56.92669381917823,2022-06-03 09:27:54.324966
-446.90125116292216,52.718798440544745,2022-06-03 09:27:54.348945
-447.3780797484348,48.506223936759696,2022-06-03 09:27:54.372966
-447.81520071376025,44.28934420032247,2022-06-03 09:27:54.388966
-448.2125752616616,40.06853350584895,2022-06-03 09:27:54.412968
-448.57016812264686,35.844166476852266,2022-06-03 09:27:54.436954
-448.8879475580992,31.61661805249264,2022-06-03 09:27:54.460956
-449.16588536309354,27.386263454299158,2022-06-03 09:27:54.485171
-449.40395686890065,23.15347815286647,2022-06-03 09:27:54.500979
-449.602140945176,18.91863783452945,2022-06-03 09:27:54.524968
-449.76042000183554,14.682118368018662,2022-06-03 09:27:54.540967
-449.8787799906168,10.444295771099627,2022-06-03 09:27:54.556967
-449.95721040632594,6.205546177198901,2022-06-03 09:27:54.580999
-449.99570428776985,1.9662458020198472,2022-06-03 09:27:54.596994
-449.99425821837445,-2.27322908984886,2022-06-03 09:27:54.621368
-449.95287232648735,-6.512502218329094,2022-06-03 09:27:54.637350
-449.87155028536705,-10.7511973212505,2022-06-03 09:27:54.661340
-449.7502993128564,-14.988938187746127,2022-06-03 09:27:54.677358
-449.58913017074235,-19.225348691643514,2022-06-03 09:27:54.701339
-449.3880571638006,-23.46005282484825,2022-06-03 09:27:54.717341
-449.147098138526,-27.69267473071707,2022-06-03 09:27:54.733343
-448.8662744815485,-31.922838737417475,2022-06-03 09:27:54.757348
-448.54561111773506,-36.150169391271014,2022-06-03 09:27:54.773347
-448.18513650797735,-40.37429149007709,2022-06-03 09:27:54.789350
-447.7848826466656,-44.59483011641461,2022-06-03 09:27:54.813359
-447.3448850588492,-48.81141067091817,2022-06-03 09:27:54.829353
-446.86518279708304,-53.02365890552618,2022-06-03 09:27:54.845356
-446.34581843796195,-57.2312009566977,2022-06-03 09:27:54.869358
-445.7868380783415,-61.433663378595185,2022-06-03 09:27:54.885359
-445.1882913312466,-65.63067317623016,2022-06-03 09:27:54.901366
-444.55023132146795,-69.82185783856887,2022-06-03 09:27:54.925365
-443.87271468084725,-74.00684537159496,2022-06-03 09:27:54.941682
-443.1558015432503,-78.18526433132635,2022-06-03 09:27:54.957368
-442.39955553922994,-82.35674385678314,2022-06-03 09:27:54.973370
-441.6040437903786,-86.52091370290391,2022-06-03 09:27:54.997372
-440.76933690337063,-90.67740427340726,2022-06-03 09:27:55.013407
-439.89550896369553,-94.82584665359589,2022-06-03 09:27:55.029395
-438.9826375290824,-98.96587264309997,2022-06-03 09:27:55.045398
-438.03080362261625,-103.09711478855735,2022-06-03 09:27:55.069403
-437.04009172554686,-107.21920641622734,2022-06-03 09:27:55.085382
-436.01058976979016,-111.33178166453526,2022-06-03 09:27:55.101402
-434.94238913012396,-115.434475516545,2022-06-03 09:27:55.117392
-433.8355846160778,-119.52692383235657,2022-06-03 09:27:55.133406
-432.6902744635182,-123.60876338142563,2022-06-03 09:27:55.157426
-431.5065603259292,-127.67963187480312,2022-06-03 09:27:55.173408
-430.28454726539024,-131.73916799728983,2022-06-03 09:27:55.189393
-429.0243437432514,-135.78701143950576,2022-06-03 09:27:55.213412
-427.7260616105064,-139.82280292987008,2022-06-03 09:27:55.237404
-426.3898160978654,-143.84618426648842,2022-06-03 09:27:55.253419
-425.0157258055274,-147.85679834894563,2022-06-03 09:27:55.277406
-423.60391269265375,-151.85428921000084,2022-06-03 09:27:55.293407
-422.1545020665436,-155.8383020471816,2022-06-03 09:27:55.309408
-420.6676225715121,-159.80848325427488,2022-06-03 09:27:55.333409
-419.1434061774721,-163.7644804527119,2022-06-03 09:27:55.349422
-417.58198816822136,-167.7059425228439,2022-06-03 09:27:55.373423
-415.98350712943517,-171.63251963510632,2022-06-03 09:27:55.389422
-414.34810493636587,-175.54386328106816,2022-06-03 09:27:55.413441
-412.67592674125063,-179.43962630436448,2022-06-03 09:27:55.429421
-410.9671209604282,-183.3194629315087,2022-06-03 09:27:55.453441
-409.2218392611662,-187.18302880258207,2022-06-03 09:27:55.469423
-407.4402365481995,-191.0299810017979,2022-06-03 09:27:55.493428
-405.62247094998145,-194.8599780879374,2022-06-03 09:27:55.509445
-403.7687038046493,-198.6726801246548,2022-06-03 09:27:55.533432
-401.8790996457039,-202.46774871064872,2022-06-03 09:27:55.549472
-399.9538261874068,-206.24484700969768,2022-06-03 09:27:55.573436
-397.9930543098942,-210.00363978055614,2022-06-03 09:27:55.597465
-395.9969580440106,-213.74379340670941,2022-06-03 09:27:55.613440
-393.9657145558622,-217.46497592598425,2022-06-03 09:27:55.637442
-391.89950413109227,-221.16685706001246,2022-06-03 09:27:55.653443
-389.79851015887994,-224.84910824354534,2022-06-03 09:27:55.677452
-387.662919115663,-228.51140265361576,2022-06-03 09:27:55.693448
-385.492920548587,-232.153415238546,2022-06-03 09:27:55.718804
-383.2887070586819,-235.77482274679778,2022-06-03 09:27:55.734150
-381.0504742837673,-239.3753037556631,2022-06-03 09:27:55.758152
-378.7784208810885,-242.95453869979258,2022-06-03 09:27:55.774155
-376.4727485096842,-246.51220989955863,2022-06-03 09:27:55.790156
-374.13366181248847,-250.04800158925187,2022-06-03 09:27:55.814158
-371.7613683981668,-253.561599945107,2022-06-03 09:27:55.830164
-369.35607882269,-257.05269311315686,2022-06-03 09:27:55.846162
-366.91800657064573,-260.52097123691135,2022-06-03 09:27:55.870192
-364.4473680362906,-263.966126484859,2022-06-03 09:27:55.886168
-361.9443825043436,-267.38785307778926,2022-06-03 09:27:55.902177
-359.40927213052356,-270.7858473159321,2022-06-03 09:27:55.918180
-356.842261921831,-274.1598076059133,2022-06-03 09:27:55.942175
-354.24357971657764,-277.5094344875228,2022-06-03 09:27:55.958174
-351.6134561641642,-280.83443066029383,2022-06-03 09:27:55.974193
-348.952124704609,-284.13450100988973,2022-06-03 09:27:55.998179
-346.25982154782804,-287.409352634298,2022-06-03 09:27:56.014193
-343.53678565267097,-290.6586948698263,2022-06-03 09:27:56.038205
-340.7832587057111,-293.88223931690123,2022-06-03 09:27:56.054186
-337.9994850997944,-297.0796998656655,2022-06-03 09:27:56.078216
-335.1857119123484,-300.2507927213718,2022-06-03 09:27:56.094201
-332.3421888834522,-303.3952364295718,2022-06-03 09:27:56.110192
-329.4691683936705,-306.51275190109664,2022-06-03 09:27:56.134201
-326.5669054416534,-309.6030624368277,2022-06-03 09:27:56.150197
-323.6356576215034,-312.66589375225595,2022-06-03 09:27:56.166215
-320.67568509991276,-315.700974001826,2022-06-03 09:27:56.190206
-317.68725059307144,-318.7080338030641,2022-06-03 09:27:56.206215
-314.6706193433499,-321.68680626048774,2022-06-03 09:27:56.222222
-311.6260590957571,-324.63702698929416,2022-06-03 09:27:56.246210
-308.55384007417604,-327.5584341388263,2022-06-03 09:27:56.262223
-305.4542349573802,-330.45076841581346,2022-06-03 09:27:56.286210
-302.3275188548313,-333.3137731073855,2022-06-03 09:27:56.302223
-299.1739692822617,-336.1471941038574,2022-06-03 09:27:56.318220
-295.99386613704297,-338.95077992128336,2022-06-03 09:27:56.342218
-292.78749167334365,-341.7242817237776,2022-06-03 09:27:56.358232
-289.5551304770769,-344.4674533455998,2022-06-03 09:27:56.374450
-286.29706944064196,-347.1800513130042,2022-06-03 09:27:56.398224
-283.0135977374607,-349.86183486584923,2022-06-03 09:27:56.414238
-279.7050067963117,-352.51256597896656,2022-06-03 09:27:56.438240
-276.3715902754637,-355.1320093832873,2022-06-03 09:27:56.454613
-273.01364403661205,-357.7199325867236,2022-06-03 09:27:56.478255
-269.631466118619,-360.27610589480395,2022-06-03 09:27:56.494238
-266.2253567110609,-362.8003024310597,2022-06-03 09:27:56.510237
-262.7956181275841,-365.29229815716207,2022-06-03 09:27:56.534247
-259.3425547790732,-367.7518718928068,2022-06-03 09:27:56.558252
-255.86647314663276,-370.17880533534526,2022-06-03 09:27:56.574244
-252.36768175438442,-372.5728830791604,2022-06-03 09:27:56.598257
-248.8464911420843,-374.93389263478514,2022-06-03 09:27:56.614247
-245.30321383756004,-377.2616244477621,2022-06-03 09:27:56.630267
-241.73816432897237,-379.5558719172432,2022-06-03 09:27:56.654282
-238.15165903690203,-381.8164314143266,2022-06-03 09:27:56.670273
-234.54401628626576,-384.0431023001297,2022-06-03 09:27:56.686270
-230.91555627806258,-386.23568694359784,2022-06-03 09:27:56.705567
-227.26660106095426,-388.39399073904457,2022-06-03 09:27:56.721783
-223.59747450268134,-390.5178221234247,2022-06-03 09:27:56.737835
-219.90850226131772,-392.60699259333626,2022-06-03 09:27:56.761580
-216.20001175636673,-394.6613167217518,2022-06-03 09:27:56.777593
-212.47233213970034,-396.68061217447575,2022-06-03 09:27:56.793591
-208.72579426634496,-398.6646997263282,2022-06-03 09:27:56.809587
-204.96073066511602,-400.6134032770519,2022-06-03 09:27:56.825587
-201.17747550910386,-402.5265498669422,2022-06-03 09:27:56.841588
-197.37636458601375,-404.403969692199,2022-06-03 09:27:56.857591
-193.55773526836276,-406.24549611999686,2022-06-03 09:27:56.873591
-189.72192648353567,-408.0509657032757,2022-06-03 09:27:56.889596
-185.86927868370304,-409.8202181952471,2022-06-03 09:27:56.913596
-182.00013381560416,-411.5530965636174,2022-06-03 09:27:56.929599
-178.11483529019674,-413.24944700452545,2022-06-03 09:27:56.945604
-174.2137279521774,-414.9091189561935,2022-06-03 09:27:56.961819
-170.29715804937433,-416.53196511229055,2022-06-03 09:27:56.977604
-166.3654732020156,-418.1178414350067,2022-06-03 09:27:56.993606
-162.41902237187585,-419.6666071678376,2022-06-03 09:27:57.009608
-158.45815583130351,-421.178124848077,2022-06-03 09:27:57.025627
-154.4832251321321,-422.652260319018,2022-06-03 09:27:57.041628
-150.4945830744777,-424.08888274186006,2022-06-03 09:27:57.065613
-146.4925836754258,-425.4878646073215,2022-06-03 09:27:57.081614
-142.47758213760994,-426.84908174695727,2022-06-03 09:27:57.097635
-138.44993481768535,-428.17241334417923,2022-06-03 09:27:57.113653
-134.40999919469996,-429.45774194497966,2022-06-03 09:27:57.129645
-130.358133838366,-430.70495346835594,2022-06-03 09:27:57.145634
-126.29469837723495,-431.91393721643584,2022-06-03 09:27:57.161642
-122.22005346677679,-433.084585884303,2022-06-03 09:27:57.177625
-118.1345607573718,-434.21679556952057,2022-06-03 09:27:57.201627
-114.0385828622103,-435.31046578135334,2022-06-03 09:27:57.217640
-109.93248332510886,-436.36549944968687,2022-06-03 09:27:57.233633
-105.81662658824348,-437.38180293364314,2022-06-03 09:27:57.249639
-101.691377959803,-438.3592860298918,2022-06-03 09:27:57.265654
-97.5571035815658,-439.2978619806562,2022-06-03 09:27:57.281637
-93.41417039640231,-440.19744748141363,2022-06-03 09:27:57.305654
-89.26294611570663,-441.05796268828936,2022-06-03 09:27:57.321644
-85.10379918675969,-441.87933122514306,2022-06-03 09:27:57.337643
-80.93709876002738,-442.6614801903477,2022-06-03 09:27:57.353644
-76.76321465639603,-443.4043401632601,2022-06-03 09:27:57.377647
-72.58251733434851,-444.10784521038244,2022-06-03 09:27:57.393685
-68.39537785708372,-444.7719328912142,2022-06-03 09:27:57.409669
-64.20216785958232,-445.3965442637942,2022-06-03 09:27:57.425654
-60.003259515621934,-445.98162388993217,2022-06-03 09:27:57.441673
-55.799025504744236,-446.52711984012893,2022-06-03 09:27:57.465656
-51.58983897917737,-447.0329836981859,2022-06-03 09:27:57.481688
-47.37607353071634,-447.49917056550186,2022-06-03 09:27:57.497686
-43.15810315756437,-447.9256390650585,2022-06-03 09:27:57.513676
-38.936302231138185,-448.3123513450923,2022-06-03 09:27:57.529664
-34.711045462840275,-448.65927308245466,2022-06-03 09:27:57.553690
-30.482707870800798,-448.9663734856581,2022-06-03 09:27:57.569668
-26.251664746592432,-449.23362529760897,2022-06-03 09:27:57.585671
-22.018291621920866,-449.461004798027,2022-06-03 09:27:57.601671
-17.782964235293974,-449.6484918055505,2022-06-03 09:27:57.617673
-13.5460584986727,-449.7960696795277,2022-06-03 09:27:57.633687
-9.30795046410647,-449.9037253214933,2022-06-03 09:27:57.657703
-5.0690162903562195,-449.97144917633176,2022-06-03 09:27:57.673709
-0.8296322095079428,-449.9992352331245,2022-06-03 09:27:57.689697
3.4098255064202845,-449.9870810256843,2022-06-03 09:27:57.705704
7.6489805788748075,-449.9349876327734,2022-06-03 09:27:57.730408
11.887456756163488,-449.84295967800847,2022-06-03 09:27:57.743102
16.1248778468504,-449.7110053294495,2022-06-03 09:27:57.759109
20.3608677531452,-449.53913629887546,2022-06-03 09:27:57.782902
24.595050504284163,-449.3273678407445,2022-06-03 09:27:57.798905
28.827050289899958,-449.07571875084005,2022-06-03 09:27:57.814906
33.05649149337718,-448.7842113646026,2022-06-03 09:27:57.830910
37.28299872519071,-448.4528715551473,2022-06-03 09:27:57.846915
41.506196856223845,-448.08172873096754,2022-06-03 09:27:57.862909
45.72571105106343,-447.67081583332487,2022-06-03 09:27:57.878910
49.94116680126883,-447.2201693333249,2022-06-03 09:27:57.894911
54.15218995861189,-446.7298292286809,2022-06-03 09:27:57.918918
58.358406768285,-446.199839040163,2022-06-03 09:27:57.934916
62.559443902074136,-445.630245807736,2022-06-03 09:27:57.950919
66.75492849149413,-445.02110008638414,2022-06-03 09:27:57.966920
70.94448816088301,-444.37245594162374,2022-06-03 09:27:57.982923
75.12775106045284,-443.68437094470505,2022-06-03 09:27:57.998927
79.30434589929354,-442.95690616750204,2022-06-03 09:27:58.014937
83.47390197832746,-442.190126177092,2022-06-03 09:27:58.030962
87.63604922321115,-441.38409903002497,2022-06-03 09:27:58.046929
91.7904182171818,-440.538896266283,2022-06-03 09:27:58.062949
95.93664023384538,-439.65459290293074,2022-06-03 09:27:58.086933
100.07434726990328,-438.731267427457,2022-06-03 09:27:58.102956
104.20317207781511,-437.7690017908089,2022-06-03 09:27:58.118937
108.32274819839405,-436.76788140011774,2022-06-03 09:27:58.134953
112.43270999333254,-435.72799511111884,2022-06-03 09:27:58.150939
116.53269267765486,-434.6494352202649,2022-06-03 09:27:58.166948
120.62233235209428,-433.5322974565343,2022-06-03 09:27:58.190964
124.70126603539116,-432.3766809729343,2022-06-03 09:27:58.215464
128.76913169651004,-431.1826883377009,2022-06-03 09:27:58.247473
132.82556828677204,-429.95042552519476,2022-06-03 09:27:58.271483
136.8702157719003,-428.68000190649605,2022-06-03 09:27:58.287504
140.9027151639752,-427.3715302396963,2022-06-03 09:27:58.303474
144.9227085532968,-426.02512665989104,2022-06-03 09:27:58.327481
148.92983914015167,-424.6409106688715,2022-06-03 09:27:58.343497
152.92375126648102,-423.2190051245188,2022-06-03 09:27:58.375493
156.90409044744766,-421.75953622989863,2022-06-03 09:27:58.391501
160.87050340289866,-420.2626335220608,2022-06-03 09:27:58.407512
164.82263808872133,-418.7284298605415,2022-06-03 09:27:58.431487
168.7601437280892,-417.15706141557126,2022-06-03 09:27:58.455413
172.68267084259577,-415.54866765598916,2022-06-03 09:27:58.479416
176.5898712832729,-413.9033913368639,2022-06-03 09:27:58.495465
180.4813982614912,-412.2213784868235,2022-06-03 09:27:58.511436
184.3569063797397,-410.50277839509425,2022-06-03 09:27:58.535444
188.21605166228213,-408.7477435982505,2022-06-03 09:27:58.551437
192.0584915856868,-406.9564298666758,2022-06-03 09:27:58.567424
195.8838851092278,-405.1289961907378,2022-06-03 09:27:58.583427
199.6918927051545,-403.2656047666762,2022-06-03 09:27:58.599431
203.48217638882673,-401.3664209822072,2022-06-03 09:27:58.615429
207.25439974871318,-399.4316134018445,2022-06-03 09:27:58.631430
211.00822797624983,-397.46135375193774,2022-06-03 09:27:58.647433
214.7433278955565,-395.45581690543065,2022-06-03 09:27:58.663434
218.45936799300813,-393.41518086634056,2022-06-03 09:27:58.679435
222.1560184466586,-391.3396267539589,2022-06-03 09:27:58.703442
225.83295115551564,-389.22933878677554,2022-06-03 09:27:58.720342
229.48983976865995,-387.08450426612893,2022-06-03 09:27:58.731463
233.12635971421219,-384.9053135595815,2022-06-03 09:27:58.747460
236.74218822814046,-382.6919600840234,2022-06-03 09:27:58.771467
240.3370043829076,-380.44464028850535,2022-06-03 09:27:58.787465
243.91048911595567,-378.1635536368031,2022-06-03 09:27:58.803472
247.46232525802458,-375.8489025897131,2022-06-03 09:27:58.819470
250.992197561303,-373.50089258708323,2022-06-03 09:27:58.835470
254.49979272740836,-371.11973202957853,2022-06-03 09:27:58.859476
257.9847994351945,-368.7056322601846,2022-06-03 09:27:58.875474
261.44690836838276,-366.2588075454493,2022-06-03 09:27:58.891477
264.8858122430164,-363.7794750564653,2022-06-03 09:27:58.907479
268.3012058347335,-361.26785484959487,2022-06-03 09:27:58.923481
271.6927860058577,-358.72416984693854,2022-06-03 09:27:58.947483
275.0602517323037,-356.14864581654905,2022-06-03 09:27:58.963483
278.40330413029477,-353.5415113523935,2022-06-03 09:27:58.979488
281.72164648289095,-350.9029978540637,2022-06-03 09:27:58.995504
285.01498426632406,-348.23333950623834,2022-06-03 09:27:59.011518
288.28302517613906,-345.5327732578975,2022-06-03 09:27:59.027510
291.5254791531374,-342.80153880129194,2022-06-03 09:27:59.051506
294.742058409122,-340.0398785506689,2022-06-03 09:27:59.067497
297.93247745244025,-337.2480376207565,2022-06-03 09:27:59.083572
301.09645311332275,-334.4262638050078,2022-06-03 09:27:59.115515
304.2337045690169,-331.57480755360797,2022-06-03 09:27:59.147504
307.3439533687114,-328.69392195124533,2022-06-03 09:27:59.171532
310.4269234582508,-325.78386269464806,2022-06-03 09:27:59.203559
313.48234120463667,-322.8448880698899,2022-06-03 09:27:59.219512
316.5099354203145,-319.87725892946554,2022-06-03 09:27:59.243519
319.5094373872433,-316.8812386691381,2022-06-03 09:27:59.259546
322.4805808807458,-313.85709320456147,2022-06-03 09:27:59.275518
325.4231021931379,-310.80509094767825,2022-06-03 09:27:59.299520
328.33674015713405,-307.7255027828968,2022-06-03 09:27:59.315532
331.22123616902786,-304.6186020430484,2022-06-03 09:27:59.331540
334.0763342116444,-301.48466448512715,2022-06-03 09:27:59.355526
336.9017808770635,-298.3239682658151,2022-06-03 09:27:59.371530
339.69732538911165,-295.13679391679375,2022-06-03 09:27:59.395545
342.4627196256193,-291.9234243198453,2022-06-03 09:27:59.411546
345.19771814044367,-288.68414468174524,2022-06-03 09:27:59.435537
347.90207818525374,-285.41924250894783,2022-06-03 09:27:59.451540
350.5755597310754,-282.1290075820691,2022-06-03 09:27:59.467541
353.21792548959564,-278.813731930166,2022-06-03 09:27:59.491572
355.8289409342235,-275.47370980481764,2022-06-03 09:27:59.507545
358.40837432090564,-272.10923765400827,2022-06-03 09:27:59.523564
360.9559967086951,-268.720614095816,2022-06-03 09:27:59.539562
363.47158198007133,-265.3081398919081,2022-06-03 09:27:59.563585
365.9549068610094,-261.87211792084685,2022-06-03 09:27:59.579587
368.4057509407972,-258.41285315120706,2022-06-03 09:27:59.595741
370.823896691598,-254.93065261450818,2022-06-03 09:27:59.619675
373.20912948775765,-251.42582537796338,2022-06-03 09:27:59.636356
375.56123762485385,-247.8986825170478,2022-06-03 09:27:59.652394
377.8800123384862,-244.34953708788868,2022-06-03 09:27:59.668368
380.16524782280555,-240.7787040994797,2022-06-03 09:27:59.684799
382.41674124878034,-237.18650048572195,2022-06-03 09:27:59.708370
384.634292782199,-233.57324507729396,2022-06-03 09:27:59.724379
386.81770560140666,-229.93925857335347,2022-06-03 09:27:59.740372
388.9667859147741,-226.2848635130735,2022-06-03 09:27:59.756584
391.0813429778981,-222.61038424701496,2022-06-03 09:27:59.780377
393.16118911053115,-218.91614690833825,2022-06-03 09:27:59.796385
395.20613971323945,-215.20247938385722,2022-06-03 09:27:59.812392
397.21601328378676,-211.46971128493692,2022-06-03 09:27:59.836386
399.19063143324445,-207.71817391823856,2022-06-03 09:27:59.852384
401.12981890182436,-203.94820025631407,2022-06-03 09:27:59.868389
403.03340357443426,-200.16012490805255,2022-06-03 09:27:59.884396
404.9012164959541,-196.35428408898173,2022-06-03 09:27:59.900389
406.73309188623176,-192.53101559142667,2022-06-03 09:27:59.916398
408.52886715479735,-188.69065875452856,2022-06-03 09:27:59.940398
410.28838291529394,-184.83355443412628,2022-06-03 09:27:59.956398
412.01148299962415,-180.96004497250325,2022-06-03 09:27:59.972426
413.69801447181106,-177.07047416800245,2022-06-03 09:27:59.988613
415.34782764157205,-173.16518724451205,2022-06-03 09:28:00.004421
416.96077607760526,-169.24453082082482,2022-06-03 09:28:00.020403
418.53671662058565,-165.30885287987329,2022-06-03 09:28:00.036609
420.07550939587173,-161.35850273784422,2022-06-03 09:28:00.052610
421.5770178259202,-157.39383101317455,2022-06-03 09:28:00.076409
423.04110864240806,-153.4151895954318,2022-06-03 09:28:00.092414
424.4676518980609,-149.42293161408176,2022-06-03 09:28:00.108427
425.85652097818684,-145.4174114071458,2022-06-03 09:28:00.124417
427.2075926119139,-141.39898448975143,2022-06-03 09:28:00.140417
428.5207468831317,-137.36800752257778,2022-06-03 09:28:00.164421
429.79586724113403,-133.3248382802,2022-06-03 09:28:00.180427
431.03284051096415,-129.26983561933432,2022-06-03 09:28:00.196441
432.2315569034594,-125.2033594469874,2022-06-03 09:28:00.212440
433.39191002499564,-121.12577068851226,2022-06-03 09:28:00.228750
434.51379688693066,-117.0374312555738,2022-06-03 09:28:00.244459
435.59711791474456,-112.9387040140274,2022-06-03 09:28:00.260432
436.6417769568785,-108.82995275171061,2022-06-03 09:28:00.276446
437.6476812932676,-104.71154214615713,2022-06-03 09:28:00.300463
438.6147416435714,-100.58383773222774,2022-06-03 09:28:00.316446
439.54287217509744,-96.44720586966719,2022-06-03 09:28:00.332442
440.4319905104198,-92.30201371058753,2022-06-03 09:28:00.348453
441.2820177346905,-88.14862916688097,2022-06-03 09:28:00.364443
442.0928784026437,-83.98742087756543,2022-06-03 09:28:00.380456
442.86450054529183,-79.81875817606546,2022-06-03 09:28:00.396445
443.5968156763135,-75.64301105743165,2022-06-03 09:28:00.412465
444.28975879813197,-71.46055014550117,2022-06-03 09:28:00.428449
444.9432684076841,-67.2717466600026,2022-06-03 09:28:00.444469
445.5572865018791,-63.07697238360786,2022-06-03 09:28:00.468470
446.1317585827467,-58.87659962893412,2022-06-03 09:28:00.484470
446.6666336622743,-54.671001205498726,2022-06-03 09:28:00.500460
447.1618642669323,-50.46055038663005,2022-06-03 09:28:00.516458
447.61740644188774,-46.24562087633704,2022-06-03 09:28:00.540465
448.0332197549056,-42.026586776140775,2022-06-03 09:28:00.556466
448.4092672999374,-37.80382255187044,2022-06-03 09:28:00.572465
448.7455157003968,-33.577703000427256,2022-06-03 09:28:00.588480
449.0419351121222,-29.34860321651883,2022-06-03 09:28:00.604482
449.29849922602506,-25.11689855936716,2022-06-03 09:28:00.620470
449.5151852704257,-20.88296461939315,2022-06-03 09:28:00.636490
449.69197401307395,-16.647177184880558,2022-06-03 09:28:00.652473
449.82884976285624,-12.409912208622476,2022-06-03 09:28:00.676492
449.9258003711883,-8.171545774553104,2022-06-03 09:28:00.692508
449.98281723309356,-3.9324540643679646,2022-06-03 09:28:00.710740
449.9998952879665,0.3069866758645997,2022-06-03 09:28:00.721036
449.97703302002253,4.546400169097637,2022-06-03 09:28:00.745040
449.9142324584316,8.785410140702533,2022-06-03 09:28:00.761061
449.81149917713896,13.023640351865764,2022-06-03 09:28:00.777066
449.6688422943697,17.26071463298245,2022-06-03 09:28:00.792864
449.48627447182014,21.496256917043766,2022-06-03 09:28:00.808847
449.2638119135335,25.729891273015294,2022-06-03 09:28:00.824939
449.0014743644619,29.961241939203216,2022-06-03 09:28:00.840850
448.69928510871387,34.18993335660557,2022-06-03 09:28:00.856851
448.35727096748764,38.415590202245454,2022-06-03 09:28:00.880853
447.97546229669086,42.6378374224833,2022-06-03 09:28:00.896877
447.5538929842459,46.856300266305276,2022-06-03 09:28:00.912858
447.0926004470825,51.070604318584756,2022-06-03 09:28:00.928866
446.5916256278164,55.280375533314036,2022-06-03 09:28:00.945174
446.05101299111595,59.48524026680329,2022-06-03 09:28:00.960862
445.4708105197548,63.68482531084374,2022-06-03 09:28:00.976863
444.851069710354,67.87875792583235,2022-06-03 09:28:00.992865
444.1918455688107,72.06666587385465,2022-06-03 09:28:01.016868
443.49319660541636,76.24817745172335,2022-06-03 09:28:01.032925
442.7551848296635,80.42292152396921,2022-06-03 09:28:01.048875
441.97787574474194,84.59052755578175,2022-06-03 09:28:01.064874
441.16133834172496,88.75062564589648,2022-06-03 09:28:01.080875
440.3056450934462,92.902846559426,2022-06-03 09:28:01.096877
439.4108719480666,97.04682176063189,2022-06-03 09:28:01.112891
438.4770983223342,101.1821834456346,2022-06-03 09:28:01.128881
437.50440709453517,105.30856457505838,2022-06-03 09:28:01.152911
436.4928845971376,109.42559890660827,2022-06-03 09:28:01.168908
435.4426206091292,113.53292102757648,2022-06-03 09:28:01.185318
434.353708348049,117.63016638727497,2022-06-03 09:28:01.201324
433.2262444617131,121.71697132939177,2022-06-03 09:28:01.217319
432.0603290196374,125.79297312426765,2022-06-03 09:28:01.233321
430.8560655041549,129.8578100010906,2022-06-03 09:28:01.249389
429.61356080123204,133.91112118000547,2022-06-03 09:28:01.265327
428.3329251909808,137.95254690413532,2022-06-03 09:28:01.281328
427.01427233787143,141.98172847151204,2022-06-03 09:28:01.305330
425.6577192806437,145.99830826691357,2022-06-03 09:28:01.321563
424.263386421919,150.00192979360446,2022-06-03 09:28:01.337331
422.8313975175139,153.99223770497701,2022-06-03 09:28:01.353340
421.36187966545594,157.96887783609085,2022-06-03 09:28:01.369343
419.85496329470317,161.93149723510697,2022-06-03 09:28:01.393338
418.31078215356723,165.87974419461472,2022-06-03 09:28:01.409327
416.7294732978429,169.8132682828478,2022-06-03 09:28:01.433331
415.1111770786432,173.7317203747874,2022-06-03 09:28:01.449335
413.45603712994244,177.6347526831493,2022-06-03 09:28:01.473351
411.76420035582794,181.52201878925206,2022-06-03 09:28:01.489546
410.035816917461,185.393173673764,2022-06-03 09:28:01.505356
408.2710402197494,189.24787374732568,2022-06-03 09:28:01.521353
406.4700268977321,193.0857768810457,2022-06-03 09:28:01.537342
404.632936802676,196.90654243686674,2022-06-03 09:28:01.553365
402.759932987889,200.70983129779952,2022-06-03 09:28:01.577362
400.8511816942476,204.4953058980213,2022-06-03 09:28:01.593416
398.90685233544195,208.26263025283708,2022-06-03 09:28:01.609364
396.9271174829394,212.01146998850047,2022-06-03 09:28:01.625365
394.9121528506678,215.74149237189124,2022-06-03 09:28:01.641372
392.8621372794195,219.45236634004775,2022-06-03 09:28:01.657373
390.77725272097854,223.1437625295506,2022-06-03 09:28:01.673375
388.6576842219707,226.8153533057559,2022-06-03 09:28:01.697373
386.5036199074401,230.4668127918748,2022-06-03 09:28:01.713377
384.31525096415135,234.09781689789713,2022-06-03 09:28:01.725310
382.092771623621,237.70804334935613,2022-06-03 09:28:01.741703
379.8363791448776,241.29717171593373,2022-06-03 09:28:01.757757
377.5462737969545,244.86488343989853,2022-06-03 09:28:01.781322
375.2226588411143,248.41086186438136,2022-06-03 09:28:01.797323
372.86574051280826,251.93479226148017,2022-06-03 09:28:01.813324
370.4757280033714,255.436361860194,2022-06-03 09:28:01.829325
368.05283344145573,258.9152598741837,2022-06-03 09:28:01.845327
365.5972718742022,262.3711775293557,2022-06-03 09:28:01.861332
363.1092612481543,265.803808091268,2022-06-03 09:28:01.877331
360.5890223899135,269.2128468923548,2022-06-03 09:28:01.901336
358.03677898653984,272.5979913589673,2022-06-03 09:28:01.917335
355.4527575656981,275.95894103822957,2022-06-03 09:28:01.933340
352.8371874755521,279.29539762470506,2022-06-03 09:28:01.949339
350.1903008644087,282.60706498687347,2022-06-03 09:28:01.965343
347.512332660113,285.8936491934142,2022-06-03 09:28:01.981342
344.80352054919706,289.15485853929454,2022-06-03 09:28:01.997343
342.064104955784,292.39040357166033,2022-06-03 09:28:02.013345
339.29432902024837,295.59999711552683,2022-06-03 09:28:02.029348
336.49443857763623,298.78335429926716,2022-06-03 09:28:02.053350
333.6646821358457,301.9401925798966,2022-06-03 09:28:02.069356
330.8053108535704,305.0702317681498,2022-06-03 09:28:02.085354
327.9165785180072,308.1731940533498,2022-06-03 09:28:02.101356
324.99874152233144,311.248804028065,2022-06-03 09:28:02.117358
322.05205884294,314.2967887125535,2022-06-03 09:28:02.141386
319.07679201646596,317.31687757899186,2022-06-03 09:28:02.157377
316.07320511656525,320.308802575486,2022-06-03 09:28:02.173379
313.04156473047846,323.2722981498626,2022-06-03 09:28:02.189384
309.98213993536984,326.2071012732384,2022-06-03 09:28:02.205387
306.89520227444456,329.11295146336573,2022-06-03 09:28:02.221399
303.78102573284804,331.98959080775217,2022-06-03 09:28:02.237407
300.6398867133476,334.8367639865514,2022-06-03 09:28:02.253400
297.4720640118003,337.6542182952249,2022-06-03 09:28:02.269399
294.2778387924077,340.441703666971,2022-06-03 09:28:02.285395
291.05749456276124,343.1989726949197,2022-06-03 09:28:02.301391
287.8113171486788,345.92578065409145,2022-06-03 09:28:02.317392
284.53959466883595,348.6218855231188,2022-06-03 09:28:02.333427
281.24261750919356,351.28704800572626,2022-06-03 09:28:02.349403
277.92067829722447,353.9210315519702,2022-06-03 09:28:02.365403
274.5740718759405,356.52360237923364,2022-06-03 09:28:02.381404
271.20309527772366,359.0945294929762,2022-06-03 09:28:02.397403
267.80804769796265,361.63358470723614,2022-06-03 09:28:02.413404
264.38923046849715,364.1405426648836,2022-06-03 09:28:02.429393
260.9469470308729,366.6151808576219,2022-06-03 09:28:02.453395
257.48150290940913,369.05727964573725,2022-06-03 09:28:02.469396
253.99320568408186,371.46662227759265,2022-06-03 09:28:02.485401
250.4823649632236,373.84299490886605,2022-06-03 09:28:02.501400
246.94929235604408,376.1861866215306,2022-06-03 09:28:02.525405
243.39430144497294,378.4959894425747,2022-06-03 09:28:02.541409
239.8177077578271,380.7721983624611,2022-06-03 09:28:02.557408
236.21982873980588,383.0146113533226,2022-06-03 09:28:02.573408
232.60098372531564,385.22302938689353,2022-06-03 09:28:02.589430
228.96149390962697,387.3972564521745,2022-06-03 09:28:02.605412
225.30168232036638,389.5370995728298,2022-06-03 09:28:02.629434
221.62187378884576,391.64236882431516,2022-06-03 09:28:02.645415
217.92239492123144,393.7128773507349,2022-06-03 09:28:02.661509
214.20357406955586,395.7484413814264,2022-06-03 09:28:02.677435
210.46574130257434,397.7488802472709,2022-06-03 09:28:02.693421
206.7092283764693,399.7140163967291,2022-06-03 09:28:02.709425
202.93436870540484,401.64367541160016,2022-06-03 09:28:02.723280
199.14149733193412,403.5376860225018,2022-06-03 09:28:02.739286
195.3309508972623,405.39588012407245,2022-06-03 09:28:02.755288
191.5030676113674,407.2180927898907,2022-06-03 09:28:02.771289
187.6581872229822,409.00416228711435,2022-06-03 09:28:02.787756
183.79665098943917,410.7539300908347,2022-06-03 09:28:02.811293
179.91880164638195,412.46724089814677,2022-06-03 09:28:02.827308
176.0249833773453,414.1439426419338,2022-06-03 09:28:02.843298
172.11554178320662,415.7838865043633,2022-06-03 09:28:02.859303
168.1908238515118,417.38692693009654,2022-06-03 09:28:02.875328
164.25117792567778,418.9529216392068,2022-06-03 09:28:02.891303
160.29695367407498,420.48173163980795,2022-06-03 09:28:02.907304
156.32850205899194,421.9732212403907,2022-06-03 09:28:02.923305
152.34617530548525,423.4272580618663,2022-06-03 09:28:02.939503
148.35032687011739,424.8437130493157,2022-06-03 09:28:02.955310
144.34131140958524,426.2224604834442,2022-06-03 09:28:02.979312
140.3194847492419,427.5633779917397,2022-06-03 09:28:02.995321
136.28520385151518,428.8663465593342,2022-06-03 09:28:03.011328
132.23882678422484,430.131250539567,2022-06-03 09:28:03.027318
128.18071268880183,431.3579776642491,2022-06-03 09:28:03.043338
124.1112217484121,432.5464190536277,2022-06-03 09:28:03.067337
120.03071515598837,433.6964692260498,2022-06-03 09:28:03.083339
115.93955508217165,434.80802610732485,2022-06-03 09:28:03.099352
111.83810464316656,435.88099103978385,2022-06-03 09:28:03.115377
107.72672786851234,436.9152687910363,2022-06-03 09:28:03.131347
103.60578966877304,437.9107675624224,2022-06-03 09:28:03.155347
99.47565580314934,438.86739899716105,2022-06-03 09:28:03.171349
95.33669284701553,439.7850781881916,2022-06-03 09:28:03.187357
91.18926815938207,440.6637236857106,2022-06-03 09:28:03.203356
87.03374985029252,441.5032575044002,2022-06-03 09:28:03.219361
82.87050674814992,442.3036051303503,2022-06-03 09:28:03.235367
78.69990836698129,443.0646955276721,2022-06-03 09:28:03.251362
74.52232487364093,443.78646114480273,2022-06-03 09:28:03.267357
70.33812705495583,444.46883792050136,2022-06-03 09:28:03.283378
66.147686284816,445.1117652895344,2022-06-03 09:28:03.299713
61.951374491212654,445.71518618805163,2022-06-03 09:28:03.315369
57.749564123227294,446.2790470586506,2022-06-03 09:28:03.331369
53.542628117974516,446.8032978551303,2022-06-03 09:28:03.347805
49.330939867501456,447.28789204693317,2022-06-03 09:28:03.371433
45.11487318564696,447.7327866232749,2022-06-03 09:28:03.387379
40.894802274863174,448.13794209696175,2022-06-03 09:28:03.403372
36.6711016930028,448.50332250789563,2022-06-03 09:28:03.419433
32.444146320074665,448.8288954262655,2022-06-03 09:28:03.443365
28.214311324970804,449.11463195542586,2022-06-03 09:28:03.467370
23.981972132167837,449.3605067344614,2022-06-03 09:28:03.483367
19.747504388405677,449.566497940438,2022-06-03 09:28:03.499369
15.51128392934656,449.7325872903399,2022-06-03 09:28:03.523376
11.273686746217205,449.8587600426918,2022-06-03 09:28:03.539374
7.035088952437278,449.94500499886794,2022-06-03 09:28:03.555377
2.795866750236929,449.99131450408566,2022-06-03 09:28:03.571380
-1.4436036027335133,449.9976844480849,2022-06-03 09:28:03.587380
-5.682945826798779,449.96411426549304,2022-06-03 09:28:03.603400
-9.921783653655844,449.8906069358751,2022-06-03 09:28:03.619401
-14.159740859770109,449.77716898346915,2022-06-03 09:28:03.635403
-18.396441299767613,449.62381047660745,2022-06-03 09:28:03.659390
-22.63150893982029,449.43054502682264,2022-06-03 09:28:03.675407
-26.86456789102135,449.1973897876397,2022-06-03 09:28:03.691394
-31.095242442747782,448.9243654530535,2022-06-03 09:28:03.707394
-35.32315709600704,448.61149625569203,2022-06-03 09:28:03.726862
-39.547936596764906,448.25880996466566,2022-06-03 09:28:03.742869
-43.76920596925172,447.86633788310235,2022-06-03 09:28:03.758883
-47.98659054924378,447.4341148453694,2022-06-03 09:28:03.774873
-52.19971601731716,446.96217921398164,2022-06-03 09:28:03.790874
-56.40820843207093,446.45057287619653,2022-06-03 09:28:03.806874
-60.61169426331678,445.89934124029634,2022-06-03 09:28:03.822877
-64.80980042523224,445.30853323155793,2022-06-03 09:28:03.838880
-69.0021543094743,444.67820128791055,2022-06-03 09:28:03.854880
-73.18838381825084,444.00840135528114,2022-06-03 09:28:03.870885
-77.36811739734658,443.2991928826291,2022-06-03 09:28:03.894886
-81.5409840691009,442.5506388166699,2022-06-03 09:28:03.910894
-85.70661346533437,441.762805596288,2022-06-03 09:28:03.926887
-89.8646358602214,440.93576314664,2022-06-03 09:28:03.942890
-94.0146822031056,440.0695848729483,2022-06-03 09:28:03.958893
-98.15638415125535,439.1643476539861,2022-06-03 09:28:03.974896
-102.28937410255665,438.22013183525377,2022-06-03 09:28:03.990896
-106.41328522814001,437.2370212218477,2022-06-03 09:28:04.006902
-110.52775150493886,436.21510307102216,2022-06-03 09:28:04.022901
-114.63240774817645,435.1544680844445,2022-06-03 09:28:04.046917
-118.7268896437782,434.055210400145,2022-06-03 09:28:04.062997
-122.81083378070687,432.9174275841613,2022-06-03 09:28:04.079219
-126.88387768321776,431.7412206218793,2022-06-03 09:28:04.094919
-130.94565984303046,430.5266939090692,2022-06-03 09:28:04.111033
-134.9958197514151,429.2739552426206,2022-06-03 09:28:04.126911
-139.0339979311899,427.98311581097437,2022-06-03 09:28:04.142930
-143.05983596862671,426.654290184254,2022-06-03 09:28:04.166930
-147.07297654526283,425.28759630409695,2022-06-03 09:28:04.182949
-151.07306346961505,423.8831554731866,2022-06-03 09:28:04.198922
-155.05974170879395,422.44109234448547,2022-06-03 09:28:04.214825
-159.03265742001537,420.96153491017213,2022-06-03 09:28:04.230845
-162.991457982006,419.4446144902804,2022-06-03 09:28:04.246831
-166.93579202630104,417.8904657210446,2022-06-03 09:28:04.270849
-170.86530946843,416.2992265429491,2022-06-03 09:28:04.286839
-174.7796615389892,414.6710381884855,2022-06-03 09:28:04.302855
-178.67850081459704,413.0060451696174,2022-06-03 09:28:04.318857
-182.56148124873022,411.304395264954,2022-06-03 09:28:04.334860
-186.42825820243732,409.56623950663385,2022-06-03 09:28:04.350842
-190.27848847492783,407.7917321669197,2022-06-03 09:28:04.374858
-194.11183033403336,405.98103074450586,2022-06-03 09:28:04.623950
