x_data,y_data,time
450.0,0.0,2022-05-27 13:09:54.417833
450.0,0.0,2022-05-27 13:09:54.431835
450.0,0.0,2022-05-27 13:09:54.504370
449.9800298339445,4.239428103219768,2022-05-27 13:09:54.527384
449.9201211082561,8.478479930514197,2022-05-27 13:09:54.550581
449.82027914021114,12.716779239354802,2022-05-27 13:09:54.572588
449.68051279141275,16.95394985400385,2022-05-27 13:09:54.592590
449.50083446700387,21.18961569890232,2022-05-27 13:09:54.612595
449.28126011456675,25.423400832048976,2022-05-27 13:09:54.635603
449.02180922270696,29.654929478367592,2022-05-27 13:09:54.654604
448.7225048193241,33.883826063059324,2022-05-27 13:09:54.674610
448.3833734695677,38.10971524493741,2022-05-27 13:09:54.696621
448.00444527347923,42.33222194974097,2022-05-27 13:09:54.715621
447.58575386332114,46.55097140342528,2022-05-27 13:09:54.732621
447.127336400591,50.76558916542528,2022-05-27 13:09:54.749625
446.6292335727237,54.97570116188957,2022-05-27 13:09:54.770633
446.0914895894802,59.180933718881775,2022-05-27 13:09:54.789458
445.5141521790232,63.3809135955465,2022-05-27 13:09:54.808483
444.8972725836815,67.5752680172368,2022-05-27 13:09:54.825481
444.2409055554015,71.76362470860022,2022-05-27 13:09:54.843496
443.5451093508879,75.94561192662066,2022-05-27 13:09:54.861634
442.80994572643294,80.12085849361284,2022-05-27 13:09:54.877797
442.03547993243495,84.28899383016669,2022-05-27 13:09:54.894798
441.2217807076075,88.44964798803862,2022-05-27 13:09:54.913795
440.3689202728777,92.6024516829867,2022-05-27 13:09:54.931797
439.4769743249768,96.747036327547,2022-05-27 13:09:54.949815
438.54602202972114,100.88303406374803,2022-05-27 13:09:54.967804
437.576146014986,105.0100777957605,2022-05-27 13:09:54.987821
436.5674323633716,109.12780122247926,2022-05-27 13:09:55.005828
435.519970604563,113.23583887003502,2022-05-27 13:09:55.021827
434.43385370738366,117.3338261242323,2022-05-27 13:09:55.039823
433.3091780715436,121.42139926291125,2022-05-27 13:09:55.058850
432.1460435190839,125.49819548823035,2022-05-27 13:09:55.077857
430.9445532855162,129.56385295886696,2022-05-27 13:09:55.093838
429.7048140106605,133.61801082213304,2022-05-27 13:09:55.110859
428.42693572917983,137.66030924600304,2022-05-27 13:09:55.130873
427.1110318608142,141.69038945105135,2022-05-27 13:09:55.148864
425.75721920031344,145.70789374229605,2022-05-27 13:09:55.164846
424.36561790707174,149.7124655409469,2022-05-27 13:09:55.182863
422.93635149446186,153.70374941605365,2022-05-27 13:09:55.203860
421.4695468188732,157.68139111605294,2022-05-27 13:09:55.221859
419.96533406845214,161.64503760021026,2022-05-27 13:09:55.238885
418.4238467515472,165.5943370699546,2022-05-27 13:09:55.257912
416.8452216848592,169.52893900010284,2022-05-27 13:09:55.278877
415.229598981298,173.4484941699709,2022-05-27 13:09:55.297881
413.57712203754664,177.35265469436948,2022-05-27 13:09:55.316885
411.8879375213338,181.2410740544808,2022-05-27 13:09:55.336887
410.1621953584164,185.11340712861465,2022-05-27 13:09:55.355918
408.4000487192725,188.96931022283985,2022-05-27 13:09:55.372906
406.60165400550636,192.80844110148934,2022-05-27 13:09:55.390898
404.76717083596736,196.63045901753577,2022-05-27 13:09:55.411915
402.89676203258216,200.43502474283494,2022-05-27 13:09:55.429919
400.9905936059037,204.22180059823435,2022-05-27 13:09:55.446929
399.04883474037644,207.99045048354446,2022-05-27 13:09:55.464938
397.0716577793202,211.74063990736968,2022-05-27 13:09:55.483920
395.059238209634,215.47203601679652,2022-05-27 13:09:55.502944
393.0117546462198,219.18430762693643,2022-05-27 13:09:55.520928
390.92938881613,222.87712525032052,2022-05-27 13:09:55.539930
388.8123255424374,226.55016112614368,2022-05-27 13:09:55.558961
386.6607527278316,230.20308924935537,2022-05-27 13:09:55.575942
384.47486133794087,233.83558539959472,2022-05-27 13:09:55.594945
382.2548453843832,237.44732716996688,2022-05-27 13:09:55.612949
380.00090190754634,241.03799399565904,2022-05-27 13:09:55.633955
377.7132309590992,244.60726718239226,2022-05-27 13:09:55.649955
375.392035584236,248.15482993470766,2022-05-27 13:09:55.666976
373.037521803655,251.68036738408418,2022-05-27 13:09:55.686967
370.6498985952726,255.18356661688492,2022-05-27 13:09:55.705016
368.2293778756752,258.66411670213023,2022-05-27 13:09:55.721043
365.77617448131025,262.121708719095,2022-05-27 13:09:55.738052
363.2905061494186,265.55603578472704,2022-05-27 13:09:55.758057
360.7725934987085,268.9667930808851,2022-05-27 13:09:55.777061
358.22266000977413,272.3536778813933,2022-05-27 13:09:55.794064
355.64093200526116,275.7163895789099,2022-05-27 13:09:55.812068
353.0276386297781,279.05462971160824,2022-05-27 13:09:55.833076
350.38301182955905,282.3681019896672,2022-05-27 13:09:55.853079
347.7072863318767,285.65651232156836,2022-05-27 13:09:55.869086
345.0006996242088,288.9195688401989,2022-05-27 13:09:55.887085
342.2634919331599,292.15698192875664,2022-05-27 13:09:55.906107
339.49590620313927,295.3684642464548,2022-05-27 13:09:55.925349
336.69818807479857,298.55373075402616,2022-05-27 13:09:55.941336
333.8705858632294,301.7124987390214,2022-05-27 13:09:55.959367
331.0133505359237,304.8444878409018,2022-05-27 13:09:55.978373
328.12673569049895,307.94942007592323,2022-05-27 13:09:55.997342
325.21099753218994,311.02701986180875,2022-05-27 13:09:56.013366
322.26639485110854,314.0770140422082,2022-05-27 13:09:56.031352
319.29318899927483,317.09913191094256,2022-05-27 13:09:56.051353
316.2916438674203,320.0931052360312,2022-05-27 13:09:56.069370
313.26202586156586,323.0586682834987,2022-05-27 13:09:56.087380
310.2046038793767,325.9955578409605,2022-05-27 13:09:56.104373
307.1196492862957,328.90351324098486,2022-05-27 13:09:56.123393
304.00743589145867,331.78227638422857,2022-05-27 13:09:56.142371
300.8682399233912,334.63159176234495,2022-05-27 13:09:56.161373
297.7023400054922,337.4512064806619,2022-05-27 13:09:56.180382
294.51001713130444,340.24087028062746,2022-05-27 13:09:56.200383
291.29155463957386,343.00033556202266,2022-05-27 13:09:56.219388
288.0472381891024,345.72935740493676,2022-05-27 13:09:56.235390
284.7773557333934,348.4276935915059,2022-05-27 13:09:56.254394
281.48219749509406,351.0951046274113,2022-05-27 13:09:56.273410
278.16205594023637,353.7313537631359,2022-05-27 13:09:56.290416
274.8172257522789,356.3362070149776,2022-05-27 13:09:56.307419
271.4480038059517,358.9094331858164,2022-05-27 13:09:56.326594
268.05468914090716,361.4508038856348,2022-05-27 13:09:56.346612
264.6375829351778,363.9600935517889,2022-05-27 13:09:56.364579
261.19698847844523,366.43707946902833,2022-05-27 13:09:56.382586
257.73321114512106,368.8815417892639,2022-05-27 13:09:56.401916
254.24655836724324,371.29326355108026,2022-05-27 13:09:56.420884
250.73733960718937,373.6720306989928,2022-05-27 13:09:56.439911
247.20586633020986,376.017632102446,2022-05-27 13:09:56.456886
243.65245197678374,378.32985957455315,2022-05-27 13:09:56.473903
240.07741193479853,380.6085078905739,2022-05-27 13:09:56.494896
236.48106351155778,382.8533748061294,2022-05-27 13:09:56.512898
232.8637259056179,385.06426107515256,2022-05-27 13:09:56.530910
229.22572017845752,387.24097046757265,2022-05-27 13:09:56.549939
225.5673692259809,389.3833097867319,2022-05-27 13:09:56.568913
221.88899774985927,391.49108888653257,2022-05-27 13:09:56.588941
218.19093222871126,393.5641206883142,2022-05-27 13:09:56.604920
214.47350088912586,395.60222119745754,2022-05-27 13:09:56.621934
210.7370336765305,397.6052095197155,2022-05-27 13:09:56.640949
206.981862225906,399.57290787726845,2022-05-27 13:09:56.659956
203.20831983235212,401.5051416245034,2022-05-27 13:09:56.676092
199.41674142150544,403.4017392635144,2022-05-27 13:09:56.694092
195.60746351981228,405.2625324593248,2022-05-27 13:09:56.714099
191.78082422466062,407.0873560548274,2022-05-27 13:09:56.732091
187.9371631743711,408.8760480854434,2022-05-27 13:09:56.749095
184.07682151805233,410.62844979349774,2022-05-27 13:09:56.769103
180.20014188532167,412.34440564231005,2022-05-27 13:09:56.789119
176.3074683558947,414.02376332999916,2022-05-27 13:09:56.806109
172.39914642904606,415.6663738030012,2022-05-27 13:09:56.822112
168.47552299294404,417.27209126929876,2022-05-27 13:09:56.844118
164.5369462938623,418.84077321136095,2022-05-27 13:09:56.862128
160.58376590527052,420.3722803987928,2022-05-27 13:09:56.880167
156.61633269680794,421.86647690069276,2022-05-27 13:09:56.899169
152.63499880314114,423.3232300977175,2022-05-27 13:09:56.919171
148.64011759271003,424.74241069385255,2022-05-27 13:09:56.937180
144.6320436363641,426.1238927278883,2022-05-27 13:09:56.955201
140.61113267589215,427.4675535845997,2022-05-27 13:09:56.973183
136.57774159244786,428.7732740056294,2022-05-27 13:09:56.992187
132.5322283748743,430.04093810007225,2022-05-27 13:09:57.010208
128.47495208793032,431.2704333547618,2022-05-27 13:09:57.028216
124.40627284042122,432.46165064425617,2022-05-27 13:09:57.046227
120.32655175323669,433.614484240524,2022-05-27 13:09:57.065207
116.23615092729943,434.7288318223281,2022-05-27 13:09:57.086214
112.13543341142577,435.80459448430753,2022-05-27 13:09:57.104211
108.02476317010355,436.84167674575536,2022-05-27 13:09:57.122214
103.90450505118753,437.83998655909414,2022-05-27 13:09:57.140219
99.77502475351692,438.7994353180449,2022-05-27 13:09:57.159234
95.63668879445737,439.71993786549194,2022-05-27 13:09:57.175257
91.48986447737016,440.60141250104095,2022-05-27 13:09:57.192249
87.33491985901185,441.4437809882703,2022-05-27 13:09:57.211241
83.17222371686675,442.2469685616754,2022-05-27 13:09:57.230246
79.00214551641578,443.010903933304,2022-05-27 13:09:57.247256
74.82505537834389,443.735519299084,2022-05-27 13:09:57.265260
70.64132404568974,444.42075034484145,2022-05-27 13:09:57.285268
66.45132285093973,445.06653625200823,2022-05-27 13:09:57.304260
62.255423683069985,445.672819703021,2022-05-27 13:09:57.321273
58.0539989545389,446.23954688640765,2022-05-27 13:09:57.340286
53.84742156823312,446.7666675015639,2022-05-27 13:09:57.359281
49.63606488437013,447.25413476321785,2022-05-27 13:09:57.377277
45.420302687360106,447.7019054055819,2022-05-27 13:09:57.393294
41.20050915263028,448.10993968619357,2022-05-27 13:09:57.411310
36.97705881341447,448.47820138944246,2022-05-27 13:09:57.431309
32.75032652751091,448.8066578297847,2022-05-27 13:09:57.448358
28.52068744401133,449.09527985464405,2022-05-27 13:09:57.465358
24.28851697000378,449.3440418469993,2022-05-27 13:09:57.483385
20.05419073725342,449.5529217276581,2022-05-27 13:09:57.502382
15.818084568862481,449.72190095721635,2022-05-27 13:09:57.521385
11.580574445913678,449.85096453770404,2022-05-27 13:09:57.538402
7.34203647409953,449.9401010139161,2022-05-27 13:09:57.554392
3.1028468503406144,449.98930247442917,2022-05-27 13:09:57.574386
-1.1366181706042833,449.9985645523041,2022-05-27 13:09:57.593401
-5.375982309533143,449.96788642547324,2022-05-27 13:09:57.609400
-9.614869296197858,449.8972708168133,2022-05-27 13:09:57.626405
-13.852902902700588,449.786723993904,2022-05-27 13:09:57.646406
-18.089706976886355,449.6362557684716,2022-05-27 13:09:57.665405
-22.324905475728908,449.44587949551806,2022-05-27 13:09:57.682407
-26.55812249870692,449.21561207213585,2022-05-27 13:09:57.700417
-30.788982321167506,448.945473936008,2022-05-27 13:09:57.720420
-35.01710942767417,448.63548906359415,2022-05-27 13:09:57.737470
-39.242128545336165,448.2856849680026,2022-05-27 13:09:57.753482
-43.46366467711629,447.8960926965485,2022-05-27 13:09:57.772491
-47.681343135114275,447.46674682799784,2022-05-27 13:09:57.791484
-51.89478957382269,446.99768546949844,2022-05-27 13:09:57.811484
-56.10363002335243,446.488950253198,2022-05-27 13:09:57.828518
-60.30749092262493,445.9405863325489,2022-05-27 13:09:57.845494
-64.50599915252793,445.35264237830006,2022-05-27 13:09:57.864496
-68.69878206903262,444.72517057417787,2022-05-27 13:09:57.884502
-72.8854675362674,444.05822661225375,2022-05-27 13:09:57.901525
-77.06568395954783,443.35186968800195,2022-05-27 13:09:57.918508
-81.23906031835783,442.60616249504506,2022-05-27 13:09:57.939513
-85.40522619928005,441.8211712195895,2022-05-27 13:09:57.956530
-89.56381182887249,440.9969655345514,2022-05-27 13:09:57.972519
-93.71444810648813,440.13361859337255,2022-05-27 13:09:57.995524
-97.85676663703497,439.23120702352753,2022-05-27 13:09:58.015550
-101.99039976367341,438.28981091972247,2022-05-27 13:09:58.033550
-106.11498060044808,437.30951383678644,2022-05-27 13:09:58.051541
-110.23014306485139,436.2904027822551,2022-05-27 13:09:58.071569
-114.33552191031549,435.23256820864833,2022-05-27 13:09:58.090545
-118.43075275863033,434.13610400544223,2022-05-27 13:09:58.109557
-122.51547213228446,433.0011074907355,2022-05-27 13:09:58.127588
-126.58931748672593,431.8276794026118,2022-05-27 13:09:58.146583
-130.6519272425405,430.6159238901993,2022-05-27 13:09:58.165562
-134.70294081754398,429.36594850442583,2022-05-27 13:09:58.182569
-138.74199865878617,428.07786418847377,2022-05-27 13:09:58.200576
-142.76874227446356,426.75178526793275,2022-05-27 13:09:58.219578
-146.78281426573764,425.38782944065287,2022-05-27 13:09:58.237986
-150.7838583584562,423.9861177662979,2022-05-27 13:09:58.253989
-154.77151943477529,422.54677465560064,2022-05-27 13:09:58.271983
-158.74544356467766,421.06992785932096,2022-05-27 13:09:58.290992
-162.70527803738653,419.55570845690653,2022-05-27 13:09:58.308001
-166.65067139267094,418.00425084485926,2022-05-27 13:09:58.324005
-170.58127345203997,416.4156927248064,2022-05-27 13:09:58.342998
-174.49673534982327,414.7901750912788,2022-05-27 13:09:58.362008
-178.39670956413516,413.12784221919685,2022-05-27 13:09:58.380029
-182.2808499477193,411.4288416510649,2022-05-27 13:09:58.397011
-186.1488117586715,409.6933241838762,2022-05-27 13:09:58.418021
-190.00025169103776,407.9214438557285,2022-05-27 13:09:58.437012
-193.8348279052847,406.11335793215255,2022-05-27 13:09:58.454023
-197.65220005864006,404.26922689215326,2022-05-27 13:09:58.471038
-201.45202933530038,402.3892144139667,2022-05-27 13:09:58.490045
-205.23397847650273,400.4734873605323,2022-05-27 13:09:58.508039
-208.9977118104589,398.52221576468276,2022-05-27 13:09:58.527065
-212.7428952821481,396.5355728140528,2022-05-27 13:09:58.545039
-216.46919648296665,394.5137348357073,2022-05-27 13:09:58.567066
-220.1762846802312,392.4568812804915,2022-05-27 13:09:58.588054
-223.86383084653332,390.36519470710334,2022-05-27 13:09:58.607068
-227.53150768894298,388.2388607658905,2022-05-27 13:09:58.625068
-231.17898967805752,386.0780681823724,2022-05-27 13:09:58.644072
-234.80595307689475,383.88300874048997,2022-05-27 13:09:58.664076
-238.4120759696264,381.6538772655835,2022-05-27 13:09:58.681080
-241.9970382901503,379.3908716071006,2022-05-27 13:09:58.698089
-245.5605218504983,377.0941926210359,2022-05-27 13:09:58.718089
-249.10221036907737,374.7640441521037,2022-05-27 13:09:58.736098
-252.62178949874152,372.40063301564555,2022-05-27 13:09:58.752096
-256.11894685469235,370.0041689792742,2022-05-27 13:09:58.771095
-259.5933720422047,367.5748647442552,2022-05-27 13:09:58.792097
-263.0447566841768,365.1129359266284,2022-05-27 13:09:58.810110
-266.47279444849994,362.6186010380707,2022-05-27 13:09:58.828118
-269.8771810752479,360.0920814665019,2022-05-27 13:09:58.845122
-273.257614403682,357.53360145643467,2022-05-27 13:09:58.865122
-276.61379439906915,354.9433880890719,2022-05-27 13:09:58.884123
-279.94542317931246,352.3216712621517,2022-05-27 13:09:58.901525
-283.2522050413897,349.6686836695424,2022-05-27 13:09:58.920541
-286.5338464875992,346.9846607805897,2022-05-27 13:09:58.940540
-289.7900562516093,344.2698408192171,2022-05-27 13:09:58.958549
-293.02054532431026,341.52446474278213,2022-05-27 13:09:58.975553
-296.2250269794655,338.74877622068976,2022-05-27 13:09:58.995543
-299.4032167991605,335.94302161276534,2022-05-27 13:09:59.014557
-302.5548326990465,333.1074499473886,2022-05-27 13:09:59.031566
-305.67959495337755,330.2423128993907,2022-05-27 13:09:59.048553
-308.7772262198375,327.3478647677166,2022-05-27 13:09:59.068568
-311.84745156415636,324.42436245285455,2022-05-27 13:09:59.087564
-314.88999848451215,321.4720654340342,2022-05-27 13:09:59.104568
-317.90459693571705,318.4912357461964,2022-05-27 13:09:59.123581
-320.89097935318597,315.48213795673627,2022-05-27 13:09:59.142585
-323.84888067668436,312.4450391420204,2022-05-27 13:09:59.160916
-326.7780383738539,309.38020886368287,2022-05-27 13:09:59.177588
-329.67819246351416,306.28791914469974,2022-05-27 13:09:59.195613
-332.54908553873724,303.1684444452451,2022-05-27 13:09:59.216596
-335.39046278969454,300.0220616383311,2022-05-27 13:09:59.235600
-338.2020720262727,296.8490499852339,2022-05-27 13:09:59.251610
-340.9836637004567,293.6496911107073,2022-05-27 13:09:59.269614
-343.7349909284795,290.4242689779869,2022-05-27 13:09:59.289618
-346.45580951273377,287.1730698635865,2022-05-27 13:09:59.308622
-349.14587796344654,283.896382331889,2022-05-27 13:09:59.327621
-351.8049575201126,280.59449720953506,2022-05-27 13:09:59.344640
-354.4328121726862,277.2677075596099,2022-05-27 13:09:59.364635
-357.0292086825283,273.91630865563235,2022-05-27 13:09:59.382645
-359.593916603108,270.5405979553475,2022-05-27 13:09:59.400638
-362.12670830045624,267.1408750743253,2022-05-27 13:09:59.420654
-364.62735897336944,263.7174417593679,2022-05-27 13:09:59.439646
-367.0956466733624,260.2706018617275,2022-05-27 13:09:59.456656
-369.53135232436733,256.80066131013814,2022-05-27 13:09:59.472665
-371.9342597421785,253.30792808366206,2022-05-27 13:09:59.491659
-374.30415565363955,249.79271218435488,2022-05-27 13:09:59.510668
-376.6408297155734,246.25532560975097,2022-05-27 13:09:59.528677
-378.94407453345076,242.69608232517172,2022-05-27 13:09:59.545682
-381.2136856797985,239.11529823585892,2022-05-27 13:09:59.566681
-383.4494617123436,235.51329115893648,2022-05-27 13:09:59.584685
-385.6512041918918,231.890380795202,2022-05-27 13:09:59.601694
-387.8187176999414,228.24688870075133,2022-05-27 13:09:59.620703
-389.95180985602696,224.58313825843865,2022-05-27 13:09:59.640717
-392.05029133479513,220.8994546491735,2022-05-27 13:09:59.659701
-394.11397588280755,217.19616482305986,2022-05-27 13:09:59.676706
-396.1426803350726,213.47359747037683,2022-05-27 13:09:59.693715
-398.1362246313024,209.73208299240514,2022-05-27 13:09:59.712714
-400.09443183189404,205.9719534721023,2022-05-27 13:09:59.731713
-402.0171281336344,202.1935426446279,2022-05-27 13:09:59.749723
-403.9041428851261,198.39718586772258,2022-05-27 13:09:59.767726
-405.75530860193373,194.58322009194302,2022-05-27 13:09:59.789727
-407.5704609814495,190.75198383075525,2022-05-27 13:09:59.806741
-409.34943891747605,186.90381713048973,2022-05-27 13:09:59.822744
-411.09208451452525,183.03906154015976,2022-05-27 13:09:59.842731
-412.79824310183307,179.15806008114714,2022-05-27 13:09:59.861753
-414.46776324708685,175.2611572167568,2022-05-27 13:09:59.879756
-416.1004967698666,171.3486988216434,2022-05-27 13:09:59.896742
-417.69629875479626,167.4210321511129,2022-05-27 13:09:59.916779
-419.25502756440653,163.47850581030136,2022-05-27 13:09:59.935764
-420.77654485170547,159.52146972323413,2022-05-27 13:09:59.952756
-422.2607155724581,155.55027510176785,2022-05-27 13:09:59.970777
-423.70740799717214,151.56527441441824,2022-05-27 13:09:59.989777
-425.1164937227901,147.5668213550762,2022-05-27 13:10:00.009780
-426.4878476840856,143.55527081161537,2022-05-27 13:10:00.027785
-427.8213481647638,139.53097883439344,2022-05-27 13:10:00.046789
-429.11687680826464,135.4943026046506,2022-05-27 13:10:00.065788
-430.3743186282674,131.4456004028074,2022-05-27 13:10:00.085798
-431.5935620188969,127.3852315766651,2022-05-27 13:10:00.101801
-432.7744987646287,123.31355650951124,2022-05-27 13:10:00.118793
-433.9170240498942,119.23093658813347,2022-05-27 13:10:00.137809
-435.021036468384,115.13773417074408,2022-05-27 13:10:00.158808
-436.08643803204757,111.03431255481854,2022-05-27 13:10:00.175816
-437.113134179791,106.92103594485044,2022-05-27 13:10:00.194828
-438.1010337858696,102.79826942002617,2022-05-27 13:10:00.216832
-439.050049167976,98.66637890182177,2022-05-27 13:10:00.234832
-439.96009609502215,94.52573112152511,2022-05-27 13:10:00.251840
-440.831093794616,90.37669358768618,2022-05-27 13:10:00.270856
-441.66296496022983,86.21963455349841,2022-05-27 13:10:00.290832
-442.45563575806233,82.05492298411387,2022-05-27 13:10:00.308848
-443.20903583359154,77.8829285238953,2022-05-27 13:10:00.324851
-443.92309831781904,73.7040214636078,2022-05-27 13:10:00.344854
-444.59775983320543,69.51857270755328,2022-05-27 13:10:00.363860
-445.2329604992952,65.32695374065027,2022-05-27 13:10:00.381870
-445.82864393803146,61.129536595462376,2022-05-27 13:10:00.398868
-446.38475727876005,56.92669381917823,2022-05-27 13:10:00.418881
-446.90125116292216,52.718798440544745,2022-05-27 13:10:00.437909
-447.3780797484348,48.506223936759696,2022-05-27 13:10:00.454997
-447.81520071376025,44.28934420032247,2022-05-27 13:10:00.474007
-448.2125752616616,40.06853350584895,2022-05-27 13:10:00.493018
-448.57016812264686,35.844166476852266,2022-05-27 13:10:00.512256
-448.8879475580992,31.61661805249264,2022-05-27 13:10:00.529270
-449.16588536309354,27.386263454299158,2022-05-27 13:10:00.547270
-449.40395686890065,23.15347815286647,2022-05-27 13:10:00.567273
-449.602140945176,18.91863783452945,2022-05-27 13:10:00.586277
-449.76042000183554,14.682118368018662,2022-05-27 13:10:00.603281
-449.8787799906168,10.444295771099627,2022-05-27 13:10:00.621304
-449.95721040632594,6.205546177198901,2022-05-27 13:10:00.642309
-449.99570428776985,1.9662458020198472,2022-05-27 13:10:00.662295
-449.99425821837445,-2.27322908984886,2022-05-27 13:10:00.680304
-449.95287232648735,-6.512502218329094,2022-05-27 13:10:00.698303
-449.87155028536705,-10.7511973212505,2022-05-27 13:10:00.718304
-449.7502993128564,-14.988938187746127,2022-05-27 13:10:00.736314
-449.58913017074235,-19.225348691643514,2022-05-27 13:10:00.752315
-449.3880571638006,-23.46005282484825,2022-05-27 13:10:00.770325
-449.147098138526,-27.69267473071707,2022-05-27 13:10:00.791324
-448.8662744815485,-31.922838737417475,2022-05-27 13:10:00.807327
-448.54561111773506,-36.150169391271014,2022-05-27 13:10:00.825337
-448.18513650797735,-40.37429149007709,2022-05-27 13:10:00.848357
-447.7848826466656,-44.59483011641461,2022-05-27 13:10:00.866361
-447.3448850588492,-48.81141067091817,2022-05-27 13:10:00.884354
-446.86518279708304,-53.02365890552618,2022-05-27 13:10:00.902382
-446.34581843796195,-57.2312009566977,2022-05-27 13:10:00.921378
-445.7868380783415,-61.433663378595185,2022-05-27 13:10:00.940374
-445.1882913312466,-65.63067317623016,2022-05-27 13:10:00.957368
-444.55023132146795,-69.82185783856887,2022-05-27 13:10:00.976386
-443.87271468084725,-74.00684537159496,2022-05-27 13:10:00.995378
-443.1558015432503,-78.18526433132635,2022-05-27 13:10:01.016394
-442.39955553922994,-82.35674385678314,2022-05-27 13:10:01.033398
-441.6040437903786,-86.52091370290391,2022-05-27 13:10:01.050391
-440.76933690337063,-90.67740427340726,2022-05-27 13:10:01.069412
-439.89550896369553,-94.82584665359589,2022-05-27 13:10:01.088404
-438.9826375290824,-98.96587264309997,2022-05-27 13:10:01.104414
-438.03080362261625,-103.09711478855735,2022-05-27 13:10:01.121414
-437.04009172554686,-107.21920641622734,2022-05-27 13:10:01.140428
-436.01058976979016,-111.33178166453526,2022-05-27 13:10:01.158426
-434.94238913012396,-115.434475516545,2022-05-27 13:10:01.174435
-433.8355846160778,-119.52692383235657,2022-05-27 13:10:01.193434
-432.6902744635182,-123.60876338142563,2022-05-27 13:10:01.212465
-431.5065603259292,-127.67963187480312,2022-05-27 13:10:01.231431
-430.28454726539024,-131.73916799728983,2022-05-27 13:10:01.248447
-429.0243437432514,-135.78701143950576,2022-05-27 13:10:01.265451
-427.7260616105064,-139.82280292987008,2022-05-27 13:10:01.285455
-426.3898160978654,-143.84618426648842,2022-05-27 13:10:01.303454
-425.0157258055274,-147.85679834894563,2022-05-27 13:10:01.320463
-423.60391269265375,-151.85428921000084,2022-05-27 13:10:01.337469
-422.1545020665436,-155.8383020471816,2022-05-27 13:10:01.357471
-420.6676225715121,-159.80848325427488,2022-05-27 13:10:01.375481
-419.1434061774721,-163.7644804527119,2022-05-27 13:10:01.391479
-417.58198816822136,-167.7059425228439,2022-05-27 13:10:01.412472
-415.98350712943517,-171.63251963510632,2022-05-27 13:10:01.432488
-414.34810493636587,-175.54386328106816,2022-05-27 13:10:01.449492
-412.67592674125063,-179.43962630436448,2022-05-27 13:10:01.467501
-410.9671209604282,-183.3194629315087,2022-05-27 13:10:01.487501
-409.2218392611662,-187.18302880258207,2022-05-27 13:10:01.505510
-407.4402365481995,-191.0299810017979,2022-05-27 13:10:01.523497
-405.62247094998145,-194.8599780879374,2022-05-27 13:10:01.541516
-403.7687038046493,-198.6726801246548,2022-05-27 13:10:01.562518
-401.8790996457039,-202.46774871064872,2022-05-27 13:10:01.582522
-399.9538261874068,-206.24484700969768,2022-05-27 13:10:01.600532
-397.9930543098942,-210.00363978055614,2022-05-27 13:10:01.620519
-395.9969580440106,-213.74379340670941,2022-05-27 13:10:01.640535
-393.9657145558622,-217.46497592598425,2022-05-27 13:10:01.659536
-391.89950413109227,-221.16685706001246,2022-05-27 13:10:01.675551
-389.79851015887994,-224.84910824354534,2022-05-27 13:10:01.692541
-387.662919115663,-228.51140265361576,2022-05-27 13:10:01.711551
-385.492920548587,-232.153415238546,2022-05-27 13:10:01.731556
-383.2887070586819,-235.77482274679778,2022-05-27 13:10:01.748559
-381.0504742837673,-239.3753037556631,2022-05-27 13:10:01.766569
-378.7784208810885,-242.95453869979258,2022-05-27 13:10:01.785569
-376.4727485096842,-246.51220989955863,2022-05-27 13:10:01.804566
-374.13366181248847,-250.04800158925187,2022-05-27 13:10:01.820576
-371.7613683981668,-253.561599945107,2022-05-27 13:10:01.840581
-369.35607882269,-257.05269311315686,2022-05-27 13:10:01.860578
-366.91800657064573,-260.52097123691135,2022-05-27 13:10:01.877593
-364.4473680362906,-263.966126484859,2022-05-27 13:10:01.894597
-361.9443825043436,-267.38785307778926,2022-05-27 13:10:01.913586
-359.40927213052356,-270.7858473159321,2022-05-27 13:10:01.933615
-356.842261921831,-274.1598076059133,2022-05-27 13:10:01.950605
-354.24357971657764,-277.5094344875228,2022-05-27 13:10:01.968598
-351.6134561641642,-280.83443066029383,2022-05-27 13:10:01.989619
-348.952124704609,-284.13450100988973,2022-05-27 13:10:02.008617
-346.25982154782804,-287.409352634298,2022-05-27 13:10:02.025633
-343.53678565267097,-290.6586948698263,2022-05-27 13:10:02.043638
-340.7832587057111,-293.88223931690123,2022-05-27 13:10:02.062652
-337.9994850997944,-297.0796998656655,2022-05-27 13:10:02.082993
-335.1857119123484,-300.2507927213718,2022-05-27 13:10:02.099002
-332.3421888834522,-303.3952364295718,2022-05-27 13:10:02.116007
-329.4691683936705,-306.51275190109664,2022-05-27 13:10:02.134005
-326.5669054416534,-309.6030624368277,2022-05-27 13:10:02.154003
-323.6356576215034,-312.66589375225595,2022-05-27 13:10:02.171018
-320.67568509991276,-315.700974001826,2022-05-27 13:10:02.188022
-317.68725059307144,-318.7080338030641,2022-05-27 13:10:02.208011
-314.6706193433499,-321.68680626048774,2022-05-27 13:10:02.226026
-311.6260590957571,-324.63702698929416,2022-05-27 13:10:02.242029
-308.55384007417604,-327.5584341388263,2022-05-27 13:10:02.259023
-305.4542349573802,-330.45076841581346,2022-05-27 13:10:02.279037
-302.3275188548313,-333.3137731073855,2022-05-27 13:10:02.299042
-299.1739692822617,-336.1471941038574,2022-05-27 13:10:02.316034
-295.99386613704297,-338.95077992128336,2022-05-27 13:10:02.334069
-292.78749167334365,-341.7242817237776,2022-05-27 13:10:02.354054
-289.5551304770769,-344.4674533455998,2022-05-27 13:10:02.373055
-286.29706944064196,-347.1800513130042,2022-05-27 13:10:02.392064
-283.0135977374607,-349.86183486584923,2022-05-27 13:10:02.414060
-279.7050067963117,-352.51256597896656,2022-05-27 13:10:02.434074
-276.3715902754637,-355.1320093832873,2022-05-27 13:10:02.454078
-273.01364403661205,-357.7199325867236,2022-05-27 13:10:02.472076
-269.631466118619,-360.27610589480395,2022-05-27 13:10:02.492085
-266.2253567110609,-362.8003024310597,2022-05-27 13:10:02.510095
-262.7956181275841,-365.29229815716207,2022-05-27 13:10:02.528093
-259.3425547790732,-367.7518718928068,2022-05-27 13:10:02.545098
-255.86647314663276,-370.17880533534526,2022-05-27 13:10:02.564104
-252.36768175438442,-372.5728830791604,2022-05-27 13:10:02.583111
-248.8464911420843,-374.93389263478514,2022-05-27 13:10:02.601128
-245.30321383756004,-377.2616244477621,2022-05-27 13:10:02.619113
-241.73816432897237,-379.5558719172432,2022-05-27 13:10:02.638124
-238.15165903690203,-381.8164314143266,2022-05-27 13:10:02.657123
-234.54401628626576,-384.0431023001297,2022-05-27 13:10:02.674127
-230.91555627806258,-386.23568694359784,2022-05-27 13:10:02.691135
-227.26660106095426,-388.39399073904457,2022-05-27 13:10:02.711135
-223.59747450268134,-390.5178221234247,2022-05-27 13:10:02.730145
-219.90850226131772,-392.60699259333626,2022-05-27 13:10:02.747131
-216.20001175636673,-394.6613167217518,2022-05-27 13:10:02.764152
-212.47233213970034,-396.68061217447575,2022-05-27 13:10:02.784145
-208.72579426634496,-398.6646997263282,2022-05-27 13:10:02.801149
-204.96073066511602,-400.6134032770519,2022-05-27 13:10:02.819149
-201.17747550910386,-402.5265498669422,2022-05-27 13:10:02.839158
-197.37636458601375,-404.403969692199,2022-05-27 13:10:02.859156
-193.55773526836276,-406.24549611999686,2022-05-27 13:10:02.877178
-189.72192648353567,-408.0509657032757,2022-05-27 13:10:02.894215
-185.86927868370304,-409.8202181952471,2022-05-27 13:10:02.912203
-182.00013381560416,-411.5530965636174,2022-05-27 13:10:02.932208
-178.11483529019674,-413.24944700452545,2022-05-27 13:10:02.950218
-174.2137279521774,-414.9091189561935,2022-05-27 13:10:02.967221
-170.29715804937433,-416.53196511229055,2022-05-27 13:10:02.986214
-166.3654732020156,-418.1178414350067,2022-05-27 13:10:03.004229
-162.41902237187585,-419.6666071678376,2022-05-27 13:10:03.021233
-158.45815583130351,-421.178124848077,2022-05-27 13:10:03.037237
-154.4832251321321,-422.652260319018,2022-05-27 13:10:03.056224
-150.4945830744777,-424.08888274186006,2022-05-27 13:10:03.075261
-146.4925836754258,-425.4878646073215,2022-05-27 13:10:03.093244
-142.47758213760994,-426.84908174695727,2022-05-27 13:10:03.112249
-138.44993481768535,-428.17241334417923,2022-05-27 13:10:03.132253
-134.40999919469996,-429.45774194497966,2022-05-27 13:10:03.151252
-130.358133838366,-430.70495346835594,2022-05-27 13:10:03.168255
-126.29469837723495,-431.91393721643584,2022-05-27 13:10:03.185270
-122.22005346677679,-433.084585884303,2022-05-27 13:10:03.204269
-118.1345607573718,-434.21679556952057,2022-05-27 13:10:03.223273
-114.0385828622103,-435.31046578135334,2022-05-27 13:10:03.241283
-109.93248332510886,-436.36549944968687,2022-05-27 13:10:03.257282
-105.81662658824348,-437.38180293364314,2022-05-27 13:10:03.274288
-101.691377959803,-438.3592860298918,2022-05-27 13:10:03.291433
-97.5571035815658,-439.2978619806562,2022-05-27 13:10:03.309436
-93.41417039640231,-440.19744748141363,2022-05-27 13:10:03.328446
-89.26294611570663,-441.05796268828936,2022-05-27 13:10:03.349438
-85.10379918675969,-441.87933122514306,2022-05-27 13:10:03.365455
-80.93709876002738,-442.6614801903477,2022-05-27 13:10:03.385464
-76.76321465639603,-443.4043401632601,2022-05-27 13:10:03.406478
-72.58251733434851,-444.10784521038244,2022-05-27 13:10:03.424473
-68.39537785708372,-444.7719328912142,2022-05-27 13:10:03.440477
-64.20216785958232,-445.3965442637942,2022-05-27 13:10:03.460470
-60.003259515621934,-445.98162388993217,2022-05-27 13:10:03.478485
-55.799025504744236,-446.52711984012893,2022-05-27 13:10:03.496474
-51.58983897917737,-447.0329836981859,2022-05-27 13:10:03.513478
-47.37607353071634,-447.49917056550186,2022-05-27 13:10:03.534497
-43.15810315756437,-447.9256390650585,2022-05-27 13:10:03.553484
-38.936302231138185,-448.3123513450923,2022-05-27 13:10:03.570488
-34.711045462840275,-448.65927308245466,2022-05-27 13:10:03.589510
-30.482707870800798,-448.9663734856581,2022-05-27 13:10:03.609500
-26.251664746592432,-449.23362529760897,2022-05-27 13:10:03.629516
-22.018291621920866,-449.461004798027,2022-05-27 13:10:03.647518
-17.782964235293974,-449.6484918055505,2022-05-27 13:10:03.665516
-13.5460584986727,-449.7960696795277,2022-05-27 13:10:03.685529
-9.30795046410647,-449.9037253214933,2022-05-27 13:10:03.704530
-5.0690162903562195,-449.97144917633176,2022-05-27 13:10:03.721531
-0.8296322095079428,-449.9992352331245,2022-05-27 13:10:03.740539
3.4098255064202845,-449.9870810256843,2022-05-27 13:10:03.758548
7.6489805788748075,-449.9349876327734,2022-05-27 13:10:03.776535
11.887456756163488,-449.84295967800847,2022-05-27 13:10:03.793545
16.1248778468504,-449.7110053294495,2022-05-27 13:10:03.812555
20.3608677531452,-449.53913629887546,2022-05-27 13:10:03.831559
24.595050504284163,-449.3273678407445,2022-05-27 13:10:03.852564
28.827050289899958,-449.07571875084005,2022-05-27 13:10:03.868568
33.05649149337718,-448.7842113646026,2022-05-27 13:10:03.885577
37.28299872519071,-448.4528715551473,2022-05-27 13:10:03.906576
41.506196856223845,-448.08172873096754,2022-05-27 13:10:03.925580
45.72571105106343,-447.67081583332487,2022-05-27 13:10:03.941589
49.94116680126883,-447.2201693333249,2022-05-27 13:10:03.959588
54.15218995861189,-446.7298292286809,2022-05-27 13:10:03.979604
58.358406768285,-446.199839040163,2022-05-27 13:10:03.996596
62.559443902074136,-445.630245807736,2022-05-27 13:10:04.014594
66.75492849149413,-445.02110008638414,2022-05-27 13:10:04.034610
70.94448816088301,-444.37245594162374,2022-05-27 13:10:04.053614
75.12775106045284,-443.68437094470505,2022-05-27 13:10:04.070607
79.30434589929354,-442.95690616750204,2022-05-27 13:10:04.086611
83.47390197832746,-442.190126177092,2022-05-27 13:10:04.105623
87.63604922321115,-441.38409903002497,2022-05-27 13:10:04.124628
91.7904182171818,-440.538896266283,2022-05-27 13:10:04.142623
95.93664023384538,-439.65459290293074,2022-05-27 13:10:04.160633
100.07434726990328,-438.731267427457,2022-05-27 13:10:04.180633
104.20317207781511,-437.7690017908089,2022-05-27 13:10:04.198647
108.32274819839405,-436.76788140011774,2022-05-27 13:10:04.215646
112.43270999333254,-435.72799511111884,2022-05-27 13:10:04.233657
116.53269267765486,-434.6494352202649,2022-05-27 13:10:04.255658
120.62233235209428,-433.5322974565343,2022-05-27 13:10:04.274664
124.70126603539116,-432.3766809729343,2022-05-27 13:10:04.292657
128.76913169651004,-431.1826883377009,2022-05-27 13:10:04.310661
132.82556828677204,-429.95042552519476,2022-05-27 13:10:04.331672
136.8702157719003,-428.68000190649605,2022-05-27 13:10:04.350677
140.9027151639752,-427.3715302396963,2022-05-27 13:10:04.366713
144.9227085532968,-426.02512665989104,2022-05-27 13:10:04.383756
148.92983914015167,-424.6409106688715,2022-05-27 13:10:04.403759
152.92375126648102,-423.2190051245188,2022-05-27 13:10:04.422770
156.90409044744766,-421.75953622989863,2022-05-27 13:10:04.438774
160.87050340289866,-420.2626335220608,2022-05-27 13:10:04.456796
164.82263808872133,-418.7284298605415,2022-05-27 13:10:04.477767
168.7601437280892,-417.15706141557126,2022-05-27 13:10:04.495781
172.68267084259577,-415.54866765598916,2022-05-27 13:10:04.513772
176.5898712832729,-413.9033913368639,2022-05-27 13:10:04.532795
180.4813982614912,-412.2213784868235,2022-05-27 13:10:04.551799
184.3569063797397,-410.50277839509425,2022-05-27 13:10:04.568786
188.21605166228213,-408.7477435982505,2022-05-27 13:10:04.587796
192.0584915856868,-406.9564298666758,2022-05-27 13:10:04.605809
195.8838851092278,-405.1289961907378,2022-05-27 13:10:04.624797
199.6918927051545,-403.2656047666762,2022-05-27 13:10:04.642831
203.48217638882673,-401.3664209822072,2022-05-27 13:10:04.660818
207.25439974871318,-399.4316134018445,2022-05-27 13:10:04.680811
211.00822797624983,-397.46135375193774,2022-05-27 13:10:04.699827
214.7433278955565,-395.45581690543065,2022-05-27 13:10:04.715831
218.45936799300813,-393.41518086634056,2022-05-27 13:10:04.732841
222.1560184466586,-391.3396267539589,2022-05-27 13:10:04.751827
225.83295115551564,-389.22933878677554,2022-05-27 13:10:04.771848
229.48983976865995,-387.08450426612893,2022-05-27 13:10:04.788852
233.12635971421219,-384.9053135595815,2022-05-27 13:10:04.808851
236.74218822814046,-382.6919600840234,2022-05-27 13:10:04.829875
240.3370043829076,-380.44464028850535,2022-05-27 13:10:04.846865
243.91048911595567,-378.1635536368031,2022-05-27 13:10:04.865876
247.46232525802458,-375.8489025897131,2022-05-27 13:10:04.884886
250.992197561303,-373.50089258708323,2022-05-27 13:10:04.903881
254.49979272740836,-371.11973202957853,2022-05-27 13:10:04.922895
257.9847994351945,-368.7056322601846,2022-05-27 13:10:04.939901
261.44690836838276,-366.2588075454493,2022-05-27 13:10:04.958891
264.8858122430164,-363.7794750564653,2022-05-27 13:10:04.978897
268.3012058347335,-361.26785484959487,2022-05-27 13:10:04.996930
271.6927860058577,-358.72416984693854,2022-05-27 13:10:05.015909
275.0602517323037,-356.14864581654905,2022-05-27 13:10:05.034922
278.40330413029477,-353.5415113523935,2022-05-27 13:10:05.053927
281.72164648289095,-350.9029978540637,2022-05-27 13:10:05.069916
285.01498426632406,-348.23333950623834,2022-05-27 13:10:05.086925
288.28302517613906,-345.5327732578975,2022-05-27 13:10:05.106936
291.5254791531374,-342.80153880129194,2022-05-27 13:10:05.126935
294.742058409122,-340.0398785506689,2022-05-27 13:10:05.144934
297.93247745244025,-337.2480376207565,2022-05-27 13:10:05.162943
301.09645311332275,-334.4262638050078,2022-05-27 13:10:05.182941
304.2337045690169,-331.57480755360797,2022-05-27 13:10:05.200945
307.3439533687114,-328.69392195124533,2022-05-27 13:10:05.216966
310.4269234582508,-325.78386269464806,2022-05-27 13:10:05.235965
313.48234120463667,-322.8448880698899,2022-05-27 13:10:05.255969
316.5099354203145,-319.87725892946554,2022-05-27 13:10:05.272974
319.5094373872433,-316.8812386691381,2022-05-27 13:10:05.288982
322.4805808807458,-313.85709320456147,2022-05-27 13:10:05.309000
325.4231021931379,-310.80509094767825,2022-05-27 13:10:05.330987
328.33674015713405,-307.7255027828968,2022-05-27 13:10:05.347984
331.22123616902786,-304.6186020430484,2022-05-27 13:10:05.367000
334.0763342116444,-301.48466448512715,2022-05-27 13:10:05.386038
336.9017808770635,-298.3239682658151,2022-05-27 13:10:05.404032
339.69732538911165,-295.13679391679375,2022-05-27 13:10:05.421046
342.4627196256193,-291.9234243198453,2022-05-27 13:10:05.438056
345.19771814044367,-288.68414468174524,2022-05-27 13:10:05.458060
347.90207818525374,-285.41924250894783,2022-05-27 13:10:05.478065
350.5755597310754,-282.1290075820691,2022-05-27 13:10:05.495069
353.21792548959564,-278.813731930166,2022-05-27 13:10:05.514067
355.8289409342235,-275.47370980481764,2022-05-27 13:10:05.533078
358.40837432090564,-272.10923765400827,2022-05-27 13:10:05.552081
360.9559967086951,-268.720614095816,2022-05-27 13:10:05.569085
363.47158198007133,-265.3081398919081,2022-05-27 13:10:05.586078
365.9549068610094,-261.87211792084685,2022-05-27 13:10:05.604087
368.4057509407972,-258.41285315120706,2022-05-27 13:10:05.624092
370.823896691598,-254.93065261450818,2022-05-27 13:10:05.643096
373.20912948775765,-251.42582537796338,2022-05-27 13:10:05.661104
375.56123762485385,-247.8986825170478,2022-05-27 13:10:05.680107
377.8800123384862,-244.34953708788868,2022-05-27 13:10:05.699103
380.16524782280555,-240.7787040994797,2022-05-27 13:10:05.716113
382.41674124878034,-237.18650048572195,2022-05-27 13:10:05.734117
384.634292782199,-233.57324507729396,2022-05-27 13:10:05.752109
386.81770560140666,-229.93925857335347,2022-05-27 13:10:05.772125
388.9667859147741,-226.2848635130735,2022-05-27 13:10:05.788129
391.0813429778981,-222.61038424701496,2022-05-27 13:10:05.805138
393.16118911053115,-218.91614690833825,2022-05-27 13:10:05.827140
395.20613971323945,-215.20247938385722,2022-05-27 13:10:05.847143
397.21601328378676,-211.46971128493692,2022-05-27 13:10:05.865141
399.19063143324445,-207.71817391823856,2022-05-27 13:10:05.884151
401.12981890182436,-203.94820025631407,2022-05-27 13:10:05.904169
403.03340357443426,-200.16012490805255,2022-05-27 13:10:05.924186
404.9012164959541,-196.35428408898173,2022-05-27 13:10:05.940194
406.73309188623176,-192.53101559142667,2022-05-27 13:10:05.958198
408.52886715479735,-188.69065875452856,2022-05-27 13:10:05.977229
410.28838291529394,-184.83355443412628,2022-05-27 13:10:05.998202
412.01148299962415,-180.96004497250325,2022-05-27 13:10:06.014211
413.69801447181106,-177.07047416800245,2022-05-27 13:10:06.033211
415.34782764157205,-173.16518724451205,2022-05-27 13:10:06.054224
416.96077607760526,-169.24453082082482,2022-05-27 13:10:06.072233
418.53671662058565,-165.30885287987329,2022-05-27 13:10:06.089217
420.07550939587173,-161.35850273784422,2022-05-27 13:10:06.109227
421.5770178259202,-157.39383101317455,2022-05-27 13:10:06.129231
423.04110864240806,-153.4151895954318,2022-05-27 13:10:06.147241
424.4676518980609,-149.42293161408176,2022-05-27 13:10:06.165255
425.85652097818684,-145.4174114071458,2022-05-27 13:10:06.185251
427.2075926119139,-141.39898448975143,2022-05-27 13:10:06.204248
428.5207468831317,-137.36800752257778,2022-05-27 13:10:06.221252
429.79586724113403,-133.3248382802,2022-05-27 13:10:06.239251
431.03284051096415,-129.26983561933432,2022-05-27 13:10:06.259268
432.2315569034594,-125.2033594469874,2022-05-27 13:10:06.280254
433.39191002499564,-121.12577068851226,2022-05-27 13:10:06.297290
434.51379688693066,-117.0374312555738,2022-05-27 13:10:06.316288
435.59711791474456,-112.9387040140274,2022-05-27 13:10:06.338273
436.6417769568785,-108.82995275171061,2022-05-27 13:10:06.356288
437.6476812932676,-104.71154214615713,2022-05-27 13:10:06.374292
438.6147416435714,-100.58383773222774,2022-05-27 13:10:06.394288
439.54287217509744,-96.44720586966719,2022-05-27 13:10:06.413316
440.4319905104198,-92.30201371058753,2022-05-27 13:10:06.431300
441.2820177346905,-88.14862916688097,2022-05-27 13:10:06.450303
442.0928784026437,-83.98742087756543,2022-05-27 13:10:06.469314
442.86450054529183,-79.81875817606546,2022-05-27 13:10:06.488301
443.5968156763135,-75.64301105743165,2022-05-27 13:10:06.505307
444.28975879813197,-71.46055014550117,2022-05-27 13:10:06.522307
444.9432684076841,-67.2717466600026,2022-05-27 13:10:06.541312
445.5572865018791,-63.07697238360786,2022-05-27 13:10:06.561247
446.1317585827467,-58.87659962893412,2022-05-27 13:10:06.579265
446.6666336622743,-54.671001205498726,2022-05-27 13:10:06.597253
447.1618642669323,-50.46055038663005,2022-05-27 13:10:06.618270
447.61740644188774,-46.24562087633704,2022-05-27 13:10:06.635258
448.0332197549056,-42.026586776140775,2022-05-27 13:10:06.652265
448.4092672999374,-37.80382255187044,2022-05-27 13:10:06.671285
448.7455157003968,-33.577703000427256,2022-05-27 13:10:06.690300
449.0419351121222,-29.34860321651883,2022-05-27 13:10:06.707286
449.29849922602506,-25.11689855936716,2022-05-27 13:10:06.727308
449.5151852704257,-20.88296461939315,2022-05-27 13:10:06.746288
449.69197401307395,-16.647177184880558,2022-05-27 13:10:06.764289
449.82884976285624,-12.409912208622476,2022-05-27 13:10:06.782326
449.9258003711883,-8.171545774553104,2022-05-27 13:10:06.799297
449.98281723309356,-3.9324540643679646,2022-05-27 13:10:06.819301
449.9998952879665,0.3069866758645997,2022-05-27 13:10:06.837306
449.97703302002253,4.546400169097637,2022-05-27 13:10:06.856307
449.9142324584316,8.785410140702533,2022-05-27 13:10:06.873311
449.81149917713896,13.023640351865764,2022-05-27 13:10:06.894324
449.6688422943697,17.26071463298245,2022-05-27 13:10:06.914391
449.48627447182014,21.496256917043766,2022-05-27 13:10:06.931401
449.2638119135335,25.729891273015294,2022-05-27 13:10:06.949407
449.0014743644619,29.961241939203216,2022-05-27 13:10:06.969412
448.69928510871387,34.18993335660557,2022-05-27 13:10:06.988405
448.35727096748764,38.415590202245454,2022-05-27 13:10:07.005427
447.97546229669086,42.6378374224833,2022-05-27 13:10:07.022434
447.5538929842459,46.856300266305276,2022-05-27 13:10:07.041420
447.0926004470825,51.070604318584756,2022-05-27 13:10:07.062423
446.5916256278164,55.280375533314036,2022-05-27 13:10:07.078449
446.05101299111595,59.48524026680329,2022-05-27 13:10:07.096430
445.4708105197548,63.68482531084374,2022-05-27 13:10:07.117441
444.851069710354,67.87875792583235,2022-05-27 13:10:07.134449
444.1918455688107,72.06666587385465,2022-05-27 13:10:07.151452
443.49319660541636,76.24817745172335,2022-05-27 13:10:07.171468
442.7551848296635,80.42292152396921,2022-05-27 13:10:07.190472
441.97787574474194,84.59052755578175,2022-05-27 13:10:07.207475
441.16133834172496,88.75062564589648,2022-05-27 13:10:07.224460
440.3056450934462,92.902846559426,2022-05-27 13:10:07.245495
439.4108719480666,97.04682176063189,2022-05-27 13:10:07.263483
438.4770983223342,101.1821834456346,2022-05-27 13:10:07.281492
437.50440709453517,105.30856457505838,2022-05-27 13:10:07.300499
436.4928845971376,109.42559890660827,2022-05-27 13:10:07.319505
435.4426206091292,113.53292102757648,2022-05-27 13:10:07.339502
434.353708348049,117.63016638727497,2022-05-27 13:10:07.356487
433.2262444617131,121.71697132939177,2022-05-27 13:10:07.373497
432.0603290196374,125.79297312426765,2022-05-27 13:10:07.392497
430.8560655041549,129.8578100010906,2022-05-27 13:10:07.411499
429.61356080123204,133.91112118000547,2022-05-27 13:10:07.429505
428.3329251909808,137.95254690413532,2022-05-27 13:10:07.447513
427.01427233787143,141.98172847151204,2022-05-27 13:10:07.467516
425.6577192806437,145.99830826691357,2022-05-27 13:10:07.486514
424.263386421919,150.00192979360446,2022-05-27 13:10:07.502519
422.8313975175139,153.99223770497701,2022-05-27 13:10:07.519523
421.36187966545594,157.96887783609085,2022-05-27 13:10:07.538566
419.85496329470317,161.93149723510697,2022-05-27 13:10:07.558536
418.31078215356723,165.87974419461472,2022-05-27 13:10:07.576558
416.7294732978429,169.8132682828478,2022-05-27 13:10:07.595551
415.1111770786432,173.7317203747874,2022-05-27 13:10:07.613551
413.45603712994244,177.6347526831493,2022-05-27 13:10:07.636553
411.76420035582794,181.52201878925206,2022-05-27 13:10:07.653566
410.035816917461,185.393173673764,2022-05-27 13:10:07.671573
408.2710402197494,189.24787374732568,2022-05-27 13:10:07.691569
406.4700268977321,193.0857768810457,2022-05-27 13:10:07.710565
404.632936802676,196.90654243686674,2022-05-27 13:10:07.727568
402.759932987889,200.70983129779952,2022-05-27 13:10:07.745575
400.8511816942476,204.4953058980213,2022-05-27 13:10:07.763578
398.90685233544195,208.26263025283708,2022-05-27 13:10:07.782162
396.9271174829394,212.01146998850047,2022-05-27 13:10:07.799177
394.9121528506678,215.74149237189124,2022-05-27 13:10:07.816170
392.8621372794195,219.45236634004775,2022-05-27 13:10:07.838177
390.77725272097854,223.1437625295506,2022-05-27 13:10:07.859179
388.6576842219707,226.8153533057559,2022-05-27 13:10:07.877183
386.5036199074401,230.4668127918748,2022-05-27 13:10:07.895185
384.31525096415135,234.09781689789713,2022-05-27 13:10:07.915189
382.092771623621,237.70804334935613,2022-05-27 13:10:07.932193
379.8363791448776,241.29717171593373,2022-05-27 13:10:07.949220
377.5462737969545,244.86488343989853,2022-05-27 13:10:07.966231
375.2226588411143,248.41086186438136,2022-05-27 13:10:07.986211
372.86574051280826,251.93479226148017,2022-05-27 13:10:08.004217
370.4757280033714,255.436361860194,2022-05-27 13:10:08.021227
368.05283344145573,258.9152598741837,2022-05-27 13:10:08.039243
365.5972718742022,262.3711775293557,2022-05-27 13:10:08.059224
363.1092612481543,265.803808091268,2022-05-27 13:10:08.078235
360.5890223899135,269.2128468923548,2022-05-27 13:10:08.097262
358.03677898653984,272.5979913589673,2022-05-27 13:10:08.116269
355.4527575656981,275.95894103822957,2022-05-27 13:10:08.134253
352.8371874755521,279.29539762470506,2022-05-27 13:10:08.152256
350.1903008644087,282.60706498687347,2022-05-27 13:10:08.169281
347.512332660113,285.8936491934142,2022-05-27 13:10:08.189277
344.80352054919706,289.15485853929454,2022-05-27 13:10:08.207256
342.064104955784,292.39040357166033,2022-05-27 13:10:08.224268
339.29432902024837,295.59999711552683,2022-05-27 13:10:08.243283
336.49443857763623,298.78335429926716,2022-05-27 13:10:08.262312
333.6646821358457,301.9401925798966,2022-05-27 13:10:08.280275
330.8053108535704,305.0702317681498,2022-05-27 13:10:08.298277
327.9165785180072,308.1731940533498,2022-05-27 13:10:08.317283
324.99874152233144,311.248804028065,2022-05-27 13:10:08.337285
322.05205884294,314.2967887125535,2022-05-27 13:10:08.357289
319.07679201646596,317.31687757899186,2022-05-27 13:10:08.374294
316.07320511656525,320.308802575486,2022-05-27 13:10:08.392301
313.04156473047846,323.2722981498626,2022-05-27 13:10:08.412301
309.98213993536984,326.2071012732384,2022-05-27 13:10:08.430305
306.89520227444456,329.11295146336573,2022-05-27 13:10:08.447309
303.78102573284804,331.98959080775217,2022-05-27 13:10:08.465321
300.6398867133476,334.8367639865514,2022-05-27 13:10:08.485320
297.4720640118003,337.6542182952249,2022-05-27 13:10:08.504326
294.2778387924077,340.441703666971,2022-05-27 13:10:08.520325
291.05749456276124,343.1989726949197,2022-05-27 13:10:08.539337
287.8113171486788,345.92578065409145,2022-05-27 13:10:08.559335
284.53959466883595,348.6218855231188,2022-05-27 13:10:08.578340
281.24261750919356,351.28704800572626,2022-05-27 13:10:08.596343
277.92067829722447,353.9210315519702,2022-05-27 13:10:08.616381
274.5740718759405,356.52360237923364,2022-05-27 13:10:08.635355
271.20309527772366,359.0945294929762,2022-05-27 13:10:08.653360
267.80804769796265,361.63358470723614,2022-05-27 13:10:08.670373
264.38923046849715,364.1405426648836,2022-05-27 13:10:08.688371
260.9469470308729,366.6151808576219,2022-05-27 13:10:08.709369
257.48150290940913,369.05727964573725,2022-05-27 13:10:08.727391
253.99320568408186,371.46662227759265,2022-05-27 13:10:08.746380
250.4823649632236,373.84299490886605,2022-05-27 13:10:08.766387
246.94929235604408,376.1861866215306,2022-05-27 13:10:08.785390
243.39430144497294,378.4959894425747,2022-05-27 13:10:08.803390
239.8177077578271,380.7721983624611,2022-05-27 13:10:08.820395
236.21982873980588,383.0146113533226,2022-05-27 13:10:08.838400
232.60098372531564,385.22302938689353,2022-05-27 13:10:08.861406
228.96149390962697,387.3972564521745,2022-05-27 13:10:08.879409
225.30168232036638,389.5370995728298,2022-05-27 13:10:08.898411
221.62187378884576,391.64236882431516,2022-05-27 13:10:08.917415
217.92239492123144,393.7128773507349,2022-05-27 13:10:08.937423
214.20357406955586,395.7484413814264,2022-05-27 13:10:08.954437
210.46574130257434,397.7488802472709,2022-05-27 13:10:08.972450
206.7092283764693,399.7140163967291,2022-05-27 13:10:08.992439
202.93436870540484,401.64367541160016,2022-05-27 13:10:09.011450
199.14149733193412,403.5376860225018,2022-05-27 13:10:09.028470
195.3309508972623,405.39588012407245,2022-05-27 13:10:09.045460
191.5030676113674,407.2180927898907,2022-05-27 13:10:09.066474
187.6581872229822,409.00416228711435,2022-05-27 13:10:09.083455
183.79665098943917,410.7539300908347,2022-05-27 13:10:09.099463
179.91880164638195,412.46724089814677,2022-05-27 13:10:09.117480
176.0249833773453,414.1439426419338,2022-05-27 13:10:09.137481
172.11554178320662,415.7838865043633,2022-05-27 13:10:09.155483
168.1908238515118,417.38692693009654,2022-05-27 13:10:09.173506
164.25117792567778,418.9529216392068,2022-05-27 13:10:09.194503
160.29695367407498,420.48173163980795,2022-05-27 13:10:09.212486
156.32850205899194,421.9732212403907,2022-05-27 13:10:09.229510
152.34617530548525,423.4272580618663,2022-05-27 13:10:09.246516
148.35032687011739,424.8437130493157,2022-05-27 13:10:09.265500
144.34131140958524,426.2224604834442,2022-05-27 13:10:09.284520
140.3194847492419,427.5633779917397,2022-05-27 13:10:09.301516
136.28520385151518,428.8663465593342,2022-05-27 13:10:09.318513
132.23882678422484,430.131250539567,2022-05-27 13:10:09.339559
128.18071268880183,431.3579776642491,2022-05-27 13:10:09.358518
124.1112217484121,432.5464190536277,2022-05-27 13:10:09.375525
120.03071515598837,433.6964692260498,2022-05-27 13:10:09.394539
115.93955508217165,434.80802610732485,2022-05-27 13:10:09.413531
111.83810464316656,435.88099103978385,2022-05-27 13:10:09.431533
107.72672786851234,436.9152687910363,2022-05-27 13:10:09.448535
103.60578966877304,437.9107675624224,2022-05-27 13:10:09.466539
99.47565580314934,438.86739899716105,2022-05-27 13:10:09.484545
95.33669284701553,439.7850781881916,2022-05-27 13:10:09.503551
91.18926815938207,440.6637236857106,2022-05-27 13:10:09.519550
87.03374985029252,441.5032575044002,2022-05-27 13:10:09.538555
82.87050674814992,442.3036051303503,2022-05-27 13:10:09.557561
78.69990836698129,443.0646955276721,2022-05-27 13:10:09.575565
74.52232487364093,443.78646114480273,2022-05-27 13:10:09.592569
70.33812705495583,444.46883792050136,2022-05-27 13:10:09.611575
66.147686284816,445.1117652895344,2022-05-27 13:10:09.631581
61.951374491212654,445.71518618805163,2022-05-27 13:10:09.651581
57.749564123227294,446.2790470586506,2022-05-27 13:10:09.667583
53.542628117974516,446.8032978551303,2022-05-27 13:10:09.685588
49.330939867501456,447.28789204693317,2022-05-27 13:10:09.703619
45.11487318564696,447.7327866232749,2022-05-27 13:10:09.722599
40.894802274863174,448.13794209696175,2022-05-27 13:10:09.738607
36.6711016930028,448.50332250789563,2022-05-27 13:10:09.755617
32.444146320074665,448.8288954262655,2022-05-27 13:10:09.775622
28.214311324970804,449.11463195542586,2022-05-27 13:10:09.794634
23.981972132167837,449.3605067344614,2022-05-27 13:10:09.811623
19.747504388405677,449.566497940438,2022-05-27 13:10:09.828633
15.51128392934656,449.7325872903399,2022-05-27 13:10:09.849652
11.273686746217205,449.8587600426918,2022-05-27 13:10:09.868760
7.035088952437278,449.94500499886794,2022-05-27 13:10:09.884789
2.795866750236929,449.99131450408566,2022-05-27 13:10:09.900797
-1.4436036027335133,449.9976844480849,2022-05-27 13:10:09.919792
-5.682945826798779,449.96411426549304,2022-05-27 13:10:09.937780
-9.921783653655844,449.8906069358751,2022-05-27 13:10:09.953791
-14.159740859770109,449.77716898346915,2022-05-27 13:10:09.971787
-18.396441299767613,449.62381047660745,2022-05-27 13:10:09.991794
-22.63150893982029,449.43054502682264,2022-05-27 13:10:10.009817
-26.86456789102135,449.1973897876397,2022-05-27 13:10:10.026823
-31.095242442747782,448.9243654530535,2022-05-27 13:10:10.042806
-35.32315709600704,448.61149625569203,2022-05-27 13:10:10.062816
-39.547936596764906,448.25880996466566,2022-05-27 13:10:10.081810
-43.76920596925172,447.86633788310235,2022-05-27 13:10:10.096823
-47.98659054924378,447.4341148453694,2022-05-27 13:10:10.113847
-52.19971601731716,446.96217921398164,2022-05-27 13:10:10.133840
-56.40820843207093,446.45057287619653,2022-05-27 13:10:10.150840
-60.61169426331678,445.89934124029634,2022-05-27 13:10:10.166833
-64.80980042523224,445.30853323155793,2022-05-27 13:10:10.184844
-69.0021543094743,444.67820128791055,2022-05-27 13:10:10.203851
-73.18838381825084,444.00840135528114,2022-05-27 13:10:10.220851
-77.36811739734658,443.2991928826291,2022-05-27 13:10:10.238887
-81.5409840691009,442.5506388166699,2022-05-27 13:10:10.257867
-85.70661346533437,441.762805596288,2022-05-27 13:10:10.275875
-89.8646358602214,440.93576314664,2022-05-27 13:10:10.293868
-94.0146822031056,440.0695848729483,2022-05-27 13:10:10.311883
-98.15638415125535,439.1643476539861,2022-05-27 13:10:10.330897
-102.28937410255665,438.22013183525377,2022-05-27 13:10:10.350908
-106.41328522814001,437.2370212218477,2022-05-27 13:10:10.367888
-110.52775150493886,436.21510307102216,2022-05-27 13:10:10.385912
-114.63240774817645,435.1544680844445,2022-05-27 13:10:10.404918
-118.7268896437782,434.055210400145,2022-05-27 13:10:10.422903
-122.81083378070687,432.9174275841613,2022-05-27 13:10:10.439902
-126.88387768321776,431.7412206218793,2022-05-27 13:10:10.457929
-130.94565984303046,430.5266939090692,2022-05-27 13:10:10.475935
-134.9958197514151,429.2739552426206,2022-05-27 13:10:10.494919
-139.0339979311899,427.98311581097437,2022-05-27 13:10:10.513928
-143.05983596862671,426.654290184254,2022-05-27 13:10:10.531932
-147.07297654526283,425.28759630409695,2022-05-27 13:10:10.550943
-151.07306346961505,423.8831554731866,2022-05-27 13:10:10.568940
-155.05974170879395,422.44109234448547,2022-05-27 13:10:10.584936
-159.03265742001537,420.96153491017213,2022-05-27 13:10:10.601925
-162.991457982006,419.4446144902804,2022-05-27 13:10:10.621935
-166.93579202630104,417.8904657210446,2022-05-27 13:10:10.639938
-170.86530946843,416.2992265429491,2022-05-27 13:10:10.656937
-174.7796615389892,414.6710381884855,2022-05-27 13:10:10.673943
-178.67850081459704,413.0060451696174,2022-05-27 13:10:10.692945
-182.56148124873022,411.304395264954,2022-05-27 13:10:10.710965
-186.42825820243732,409.56623950663385,2022-05-27 13:10:10.728955
-190.27848847492783,407.7917321669197,2022-05-27 13:10:10.744958
-194.11183033403336,405.98103074450586,2022-05-27 13:10:10.763965
-197.92794354653844,404.1342959505396,2022-05-27 13:10:10.782965
-201.72648940837848,402.25169169435617,2022-05-27 13:10:10.800968
-205.50713077470175,400.3333850689318,2022-05-27 13:10:10.817973
-209.26953208979327,398.37954633605244,2022-05-27 13:10:10.835990
-213.01335941685736,396.3903489112024,2022-05-27 13:10:10.857014
-216.73828046765658,394.3659693481721,2022-05-27 13:10:10.872998
-220.44396463200468,392.3065873233885,2022-05-27 13:10:10.890013
-224.13008300711,390.2123856199672,2022-05-27 13:10:10.909003
-227.79630842676787,388.08355011148933,2022-05-27 13:10:10.927012
-231.44231549039864,385.9202697455043,2022-05-27 13:10:10.944014
-235.06778059192894,383.72273652675926,2022-05-27 13:10:10.962019
-238.67238194851396,381.4911455001579,2022-05-27 13:10:10.981028
-242.25579962909728,379.2256947334485,2022-05-27 13:10:10.999036
-245.81771558280738,376.9265852996443,2022-05-27 13:10:11.015031
-249.35781366718606,374.5940212591772,2022-05-27 13:10:11.032032
-252.87577967624853,372.228209641786,2022-05-27 13:10:11.050038
-256.37130136837084,369.8293604281412,2022-05-27 13:10:11.071037
-259.8440684940034,367.3976865312078,2022-05-27 13:10:11.088046
-263.29377282320786,364.93340377734813,2022-05-27 13:10:11.106080
-266.72010817301384,362.4367308871657,2022-05-27 13:10:11.125076
-270.1227704345952,359.90788945609256,2022-05-27 13:10:11.143048
-273.5014576002613,357.34710393472125,2022-05-27 13:10:11.159049
-276.8558697902621,354.7546016088832,2022-05-27 13:10:11.177053
-280.18570927940453,352.13061257947595,2022-05-27 13:10:11.196221
-283.4906805234773,349.4753697420402,2022-05-27 13:10:11.214226
-286.77049018548246,346.78910876608876,2022-05-27 13:10:11.231255
-290.02484716167066,344.0720680741893,2022-05-27 13:10:11.248267
-293.25346260737876,341.32448882080337,2022-05-27 13:10:11.267266
-296.4560499626663,338.5466148708817,2022-05-27 13:10:11.284254
-299.63232497775,335.73869277822,2022-05-27 13:10:11.302252
-302.782005738232,332.9009717635761,2022-05-27 13:10:11.319249
-305.9048126901219,330.03370369254935,2022-05-27 13:10:11.340256
-309.0004686646493,327.1371430532264,2022-05-27 13:10:11.359268
-312.06869890286356,324.2115469335938,2022-05-27 13:10:11.375274
-315.10923108002095,321.25717499871956,2022-05-27 13:10:11.392293
-318.12179532975495,318.2742894677066,2022-05-27 13:10:11.413273
-321.1061242680285,315.2631550904187,2022-05-27 13:10:11.431275
-324.0619530168663,312.2240391239828,2022-05-27 13:10:11.448277
-326.9890192278641,309.1572113090677,2022-05-27 13:10:11.465281
-329.88706310547394,306.0629438459433,2022-05-27 13:10:11.484288
-332.75582743006265,302.9415113703211,2022-05-27 13:10:11.502289
-335.5950575807415,299.79319092897816,2022-05-27 13:10:11.520294
-338.40450155796594,296.61826195516795,2022-05-27 13:10:11.537298
-341.1839100059013,293.41700624381855,2022-05-27 13:10:11.557340
-343.93303623455546,290.18970792652163,2022-05-27 13:10:11.574308
-346.6516362416739,286.9366534463142,2022-05-27 13:10:11.591313
-349.3394687343961,283.6581315322547,2022-05-27 13:10:11.609344
-351.9962951506723,280.35443317379656,2022-05-27 13:10:11.628353
-354.6218796804372,277.0258515949613,2022-05-27 13:10:11.646325
-357.2159892865393,273.6726822283127,2022-05-27 13:10:11.664339
-359.7783937254249,270.29522268873546,2022-05-27 13:10:11.681343
-362.30886556757343,266.8937727470201,2022-05-27 13:10:11.700340
-364.807180217683,263.4686343032562,2022-05-27 13:10:11.719339
-367.27311593460524,260.020111360037,2022-05-27 13:10:11.737356
-369.70645385102557,256.5485099954772,2022-05-27 13:10:11.754349
-372.1069779928896,253.0541383360469,2022-05-27 13:10:11.773376
-374.4744752985718,249.5373065292229,2022-05-27 13:10:11.791356
-376.80873563778584,245.99832671596207,2022-05-27 13:10:11.807372
-379.1095518302367,242.43751300299445,2022-05-27 13:10:11.827388
-381.3767196640063,238.855181434948,2022-05-27 13:10:11.848384
-383.61003791368097,235.2516499662951,2022-05-27 13:10:11.866386
-385.80930835821044,231.62723843313265,2022-05-27 13:10:11.884380
-387.9743357985015,227.98226852479476,2022-05-27 13:10:11.902383
-390.10492807474293,224.31706375530067,2022-05-27 13:10:11.921405
-392.2008960834613,220.63194943464097,2022-05-27 13:10:11.940389
-394.2620537943047,216.92725263990422,2022-05-27 13:10:11.957392
-396.28821826655405,213.20330218624667,2022-05-27 13:10:11.978401
-398.2792096653608,209.4604285977081,2022-05-27 13:10:11.996428
-400.2348512777077,205.69896407787562,2022-05-27 13:10:12.013435
-402.1549695280939,201.91924248039834,2022-05-27 13:10:12.030446
-404.03939399394,198.12159927935608,2022-05-27 13:10:12.048456
-405.88795742071494,194.30637153948368,2022-05-27 13:10:12.067421
-407.7004957367806,190.47389788625452,2022-05-27 13:10:12.083439
-409.47684806795405,186.62451847582528,2022-05-27 13:10:12.100451
-411.2168567517863,182.75857496484502,2022-05-27 13:10:12.119466
-412.9203673515557,178.87641048013097,2022-05-27 13:10:12.138466
-414.5872286699754,174.97836958821384,2022-05-27 13:10:12.154450
-416.21729276261283,171.06479826475544,2022-05-27 13:10:12.172454
-417.8104149510208,167.13604386384108,2022-05-27 13:10:12.192458
-419.3664538355788,163.19245508714977,2022-05-27 13:10:12.210486
-420.88527130804255,159.23438195300477,2022-05-27 13:10:12.227466
-422.3667325638027,155.26217576530712,2022-05-27 13:10:12.245476
-423.81070611384916,151.27618908235544,2022-05-27 13:10:12.263478
-425.21706379644155,147.27677568555396,2022-05-27 13:10:12.281486
-426.5856807884844,143.2642905480122,2022-05-27 13:10:12.298485
-427.91643561660635,139.2390898030391,2022-05-27 13:10:12.315497
-429.2092101679411,135.20153071253367,2022-05-27 13:10:12.338492
-430.463889700611,131.15197163527586,2022-05-27 13:10:12.358505
-431.68036285391116,127.09077199512001,2022-05-27 13:10:12.374499
-432.85852165819324,123.0182922490937,2022-05-27 13:10:12.392490
-433.9982615444486,118.93489385540488,2022-05-27 13:10:12.411499
-435.0994813535891,114.8409392413601,2022-05-27 13:10:12.429503
-436.16208334542625,110.73679177119708,2022-05-27 13:10:12.445503
-437.18597320734557,106.62281571383352,2022-05-27 13:10:12.462507
-438.171060062678,102.49937621053616,2022-05-27 13:10:12.480529
-439.11725647876534,98.36683924251211,2022-05-27 13:10:12.498529
-440.0244784747207,94.22557159842574,2022-05-27 13:10:12.515545
-440.89264552888227,90.07594084184387,2022-05-27 13:10:12.532524
-441.72168058596014,85.91831527861216,2022-05-27 13:10:12.550526
-442.5115100638754,81.7530639241657,2022-05-27 13:10:12.570549
-443.26206386029094,77.58055647077654,2022-05-27 13:10:12.588547
-443.97327535883375,73.40116325474119,2022-05-27 13:10:12.606541
-444.6450814350073,69.21525522351091,2022-05-27 13:10:12.625556
-445.2774224617941,65.02320390276779,2022-05-27 13:10:12.643554
-445.87024231494854,60.82538136344959,2022-05-27 13:10:12.659557
-446.42348837797755,56.622160188726,2022-05-27 13:10:12.677568
-446.9371115468112,52.413913440929576,2022-05-27 13:10:12.695572
-447.41106623416067,48.20101462844413,2022-05-27 13:10:12.714563
-447.84531037356464,43.98383767255347,2022-05-27 13:10:12.730579
-448.2398054231228,39.76275687425359,2022-05-27 13:10:12.747578
-448.5945163689167,35.538146881031025,2022-05-27 13:10:12.765587
-448.90941172811745,31.310382653610617,2022-05-27 13:10:12.783580
-449.18446355178014,27.07983943267531,2022-05-27 13:10:12.800606
-449.4196474273244,22.84689270556122,2022-05-27 13:10:12.817607
-449.6149424807011,18.61191817293077,2022-05-27 13:10:12.838613
-449.7703313782451,14.375291715426885,2022-05-27 13:10:12.856621
-449.8858003282138,10.137389360311207,2022-05-27 13:10:12.873626
-449.9613390820112,5.898587248089333,2022-05-27 13:10:12.891637
-449.99694093509754,1.6592615991259627,2022-05-27 13:10:12.909613
-449.99260272758426,-2.5802113197470256,2022-05-27 13:10:12.926626
-449.9483248445145,-6.81945522862662,2022-05-27 13:10:12.943648
-449.86411121582915,-11.05809386793589,2022-05-27 13:10:12.962640
-449.7399693160177,-15.295751031819384,2022-05-27 13:10:12.980639
-449.57591016345515,-19.532050601533772,2022-05-27 13:10:12.998649
-449.3719483194238,-23.76661657883076,2022-05-27 13:10:13.014651
-449.1281018868208,-27.999073119329278,2022-05-27 13:10:13.033648
-448.8443925085518,-32.229044565874055,2022-05-27 13:10:13.051639
-448.5208453656097,-36.45615548187755,2022-05-27 13:10:13.068656
-448.1574891748397,-40.680030684642304,2022-05-27 13:10:13.085646
-447.7543561863905,-44.90029527866078,2022-05-27 13:10:13.106651
-447.31148218085207,-49.116574688889685,2022-05-27 13:10:13.124655
-446.82890646607956,-53.328494693995864,2022-05-27 13:10:13.141659
-446.30667187370483,-57.535681459570824,2022-05-27 13:10:13.157663
-445.7448247553346,-61.73776157131084,2022-05-27 13:10:13.178681
-445.1434149784368,-65.93436206815988,2022-05-27 13:10:13.199675
-444.5024959219141,-70.1251104754122,2022-05-27 13:10:13.216676
-443.82212447136635,-74.30963483777185,2022-05-27 13:10:13.233679
-443.10236101404183,-78.48756375236604,2022-05-27 13:10:13.252687
-442.3432694334773,-82.65852640170947,2022-05-27 13:10:13.271688
-441.5449171038279,-86.82215258661671,2022-05-27 13:10:13.289693
-440.7073748838873,-90.97807275905974,2022-05-27 13:10:13.307700
-439.83071711079884,-95.12591805496767,2022-05-27 13:10:13.325707
-438.9150215934571,-99.26532032696564,2022-05-27 13:10:13.346572
-437.9603696056022,-103.39591217705039,2022-05-27 13:10:13.362555
-436.9668458786063,-107.51732698919902,2022-05-27 13:10:13.379564
-435.93453859395294,-111.62919896190847,2022-05-27 13:10:13.397563
-434.8635393754106,-115.73116314066279,2022-05-27 13:10:13.415566
-433.75394328090033,-119.82285545032506,2022-05-27 13:10:13.431569
-432.60584879405883,-123.90391272745143,2022-05-27 13:10:13.448579
-431.41935781549745,-127.97397275252408,2022-05-27 13:10:13.466579
-430.1945756537578,-132.03267428210054,2022-05-27 13:10:13.484582
-428.931611015965,-136.07965708087627,2022-05-27 13:10:13.501586
-427.6305759981792,-140.11456195365793,2022-05-27 13:10:13.519590
-426.2915860754465,-144.137030777244,2022-05-27 13:10:13.539598
-424.91476009154945,-148.14670653221071,2022-05-27 13:10:13.557599
-423.50022024845936,-152.14323333459959,2022-05-27 13:10:13.573602
-422.04809209548984,-156.12625646750442,2022-05-27 13:10:13.592607
-420.5585045181534,-160.0954224125547,2022-05-27 13:10:13.611614
-419.0315897267226,-164.0503788812926,2022-05-27 13:10:13.627627
-417.4674832444947,-167.99077484644062,2022-05-27 13:10:13.643630
-415.8663238957641,-171.91626057305766,2022-05-27 13:10:13.663627
-414.22825379349973,-175.82648764958017,2022-05-27 13:10:13.683628
-412.5534183267327,-179.72110901874575,2022-05-27 13:10:13.699661
-410.84196614765136,-183.59977900839675,2022-05-27 13:10:13.717639
-409.09404915840764,-187.46215336216093,2022-05-27 13:10:13.736640
-407.30982249763514,-191.3078892700062,2022-05-27 13:10:13.754932
-405.4894445266791,-195.13664539866727,2022-05-27 13:10:13.770917
-403.6330768155412,-198.94808192194122,2022-05-27 13:10:13.787914
-401.74088412853894,-202.74186055084894,2022-05-27 13:10:13.808933
-399.8130344096819,-206.51764456366072,2022-05-27 13:10:13.826947
-397.84969876776586,-210.2750988357822,2022-05-27 13:10:13.843927
-395.85105146118536,-214.01388986949888,2022-05-27 13:10:13.860943
-393.8172698824675,-217.73368582357617,2022-05-27 13:10:13.878948
-391.7485345425272,-221.4341565427123,2022-05-27 13:10:13.897941
-389.64502905464553,-225.11497358684176,2022-05-27 13:10:13.913956
-387.50694011817325,-228.77581026028628,2022-05-27 13:10:13.930953
-385.3344575019596,-232.4163416407514,2022-05-27 13:10:13.951982
-383.12777402750953,-236.0362446081652,2022-05-27 13:10:13.970962
-380.8870855518693,-239.63519787335701,2022-05-27 13:10:13.987972
-378.61259095024315,-243.21288200657438,2022-05-27 13:10:14.004976
-376.3044920983416,-246.76897946583395,2022-05-27 13:10:14.023992
-373.96299385446395,-250.30317462510573,2022-05-27 13:10:14.041978
-371.5883040413158,-253.8151538023265,2022-05-27 13:10:14.058992
-369.18063342756335,-257.3046052872414,2022-05-27 13:10:14.075982
-366.74019570912645,-260.77121936906997,2022-05-27 13:10:14.094986
-364.2672074902117,-264.21468836399515,2022-05-27 13:10:14.114997
-361.7618882640875,-267.63470664247177,2022-05-27 13:10:14.132011
-359.2244603936025,-271.0309706563535,2022-05-27 13:10:14.149996
-356.6551490914498,-274.4031789658344,2022-05-27 13:10:14.171009
-354.0541824001775,-277.7510322662038,2022-05-27 13:10:14.188022
-351.4217911719491,-281.07423341441137,2022-05-27 13:10:14.206022
-348.75820904805306,-284.37248745544025,2022-05-27 13:10:14.224043
-346.06367243816646,-287.6455016484865,2022-05-27 13:10:14.242048
-343.3384204993715,-290.8929854929416,2022-05-27 13:10:14.260023
-340.5826951149296,-294.11465075417595,2022-05-27 13:10:14.278037
-337.7967408728119,-297.31021148912185,2022-05-27 13:10:14.297063
-334.9808050439909,-300.4793840716526,2022-05-27 13:10:14.315045
-332.13513756049394,-303.621887217756,2022-05-27 13:10:14.335043
-329.2599909932195,-306.7374420105003,2022-05-27 13:10:14.352048
-326.3556205295204,-309.82577192478954,2022-05-27 13:10:14.370072
-323.4222839505541,-312.88660285190724,2022-05-27 13:10:14.389064
-320.4602416084033,-315.9196631238451,2022-05-27 13:10:14.407058
-317.4697564029677,-318.9246835374151,2022-05-27 13:10:14.425076
-314.45109375863007,-321.9013973781432,2022-05-27 13:10:14.442074
-311.4045216006982,-324.8495404439419,2022-05-27 13:10:14.462079
-308.33031033162524,-327.76885106855974,2022-05-27 13:10:14.480071
-305.2287328070089,-330.65907014480575,2022-05-27 13:10:14.497095
-302.1000643113745,-333.51994114754723,2022-05-27 13:10:14.515081
-298.9445825337417,-336.35121015647746,2022-05-27 13:10:14.533089
-295.7625675429774,-339.1526258786532,2022-05-27 13:10:14.552095
-292.5543017629384,-341.92393967079806,2022-05-27 13:10:14.570090
-289.3200699474041,-344.6649055613716,2022-05-27 13:10:14.588097
-286.060159154803,-347.37528027240046,2022-05-27 13:10:14.607100
-282.77485872273445,-350.0548232410711,2022-05-27 13:10:14.625105
-279.4644602422882,-352.7032966410812,2022-05-27 13:10:14.641106
-276.1292575321636,-355.320465403748,2022-05-27 13:10:14.658111
-272.76954661259145,-357.9060972388726,2022-05-27 13:10:14.677140
-269.3856256790605,-360.45996265535666,2022-05-27 13:10:14.696132
-265.9777950758507,-362.9818349815715,2022-05-27 13:10:14.714125
-262.54635726937533,-365.4714903854766,2022-05-27 13:10:14.733152
-259.09161682133595,-367.928707894486,2022-05-27 13:10:14.753151
-255.61388036168992,-370.3532694150811,2022-05-27 13:10:14.772161
-252.1134565614354,-372.7449597521678,2022-05-27 13:10:14.789162
-248.59065610521498,-375.1035666281764,2022-05-27 13:10:14.806174
-245.04579166374003,-377.4288807019024,2022-05-27 13:10:14.824147
-241.47917786603975,-379.72069558708745,2022-05-27 13:10:14.844551
-237.89113127153536,-381.9788078707366,2022-05-27 13:10:14.860560
-234.2819703419438,-384.20301713117317,2022-05-27 13:10:14.878569
-230.65201541301283,-386.39312595582663,2022-05-27 13:10:14.896555
-227.0015886660864,-388.5489399587559,2022-05-27 13:10:14.915565
-223.33101409951325,-390.6702677979001,2022-05-27 13:10:14.932570
-219.64061749988724,-392.7569211920628,2022-05-27 13:10:14.949585
-215.93072641313236,-394.80871493762265,2022-05-27 13:10:14.968586
-212.20167011543106,-396.82546692497164,2022-05-27 13:10:14.988585
-208.45377958399888,-398.80699815467835,2022-05-27 13:10:15.005587
-204.6873874677081,-400.75313275337516,2022-05-27 13:10:15.022596
-200.90282805756323,-402.6636979893683,2022-05-27 13:10:15.041588
-197.10043725703022,-404.53852428796876,2022-05-27 13:10:15.060605
-193.28055255222336,-406.37744524654323,2022-05-27 13:10:15.076614
-189.4435129819509,-408.1802976492832,2022-05-27 13:10:15.093618
-185.58965910762345,-409.9469214816915,2022-05-27 13:10:15.112868
-181.71933298302685,-411.67715994478465,2022-05-27 13:10:15.129880
-177.8328781239629,-413.3708594690097,2022-05-27 13:10:15.145885
-173.93063947776002,-415.02786972787436,2022-05-27 13:10:15.162882
-170.01296339265718,-416.6480436512897,2022-05-27 13:10:15.183881
-166.08019758706308,-418.2312374386233,2022-05-27 13:10:15.199885
-162.13269111869417,-419.7773105714625,2022-05-27 13:10:15.216900
-158.1707943535934,-421.28612582608656,2022-05-27 13:10:15.235892
-154.1948589350333,-422.7575492856457,2022-05-27 13:10:15.254915
-150.20523775230504,-424.1914503520474,2022-05-27 13:10:15.270907
-146.2022849093976,-425.5877017575477,2022-05-27 13:10:15.289899
-142.18635569356877,-426.94617957604675,2022-05-27 13:10:15.311903
-138.15780654381092,-428.2667632340886,2022-05-27 13:10:15.329910
-134.11699501921515,-429.54933552156245,2022-05-27 13:10:15.347914
-130.0642797672354,-430.7937826021057,2022-05-27 13:10:15.364922
-126.0000204918564,-431.99999402320805,2022-05-27 13:10:15.383919
-121.92457792166756,-433.1678627260144,2022-05-27 13:10:15.402928
-117.83831377784612,-434.2972850548272,2022-05-27 13:10:15.419946
-113.74159074205208,-435.3881607663069,2022-05-27 13:10:15.436938
-109.63477242423792,-436.4403930383685,2022-05-27 13:10:15.455935
-105.5182233303759,-437.4538884787754,2022-05-27 13:10:15.474947
-101.39230883010596,-438.428557133429,2022-05-27 13:10:15.491973
-97.25739512430677,-439.36431249435185,2022-05-27 13:10:15.508955
-93.11384921259312,-440.26107150736647,2022-05-27 13:10:15.527952
-88.96203886074241,-441.11875457946667,2022-05-27 13:10:15.547964
-84.80233256805313,-441.93728558588185,2022-05-27 13:10:15.563960
-80.63509953463819,-442.7165918768338,2022-05-27 13:10:15.579964
-76.46070962865612,-443.4566042839844,2022-05-27 13:10:15.601968
-72.27953335348293,-444.1572571265753,2022-05-27 13:10:15.619978
-68.0919418148276,-444.81848821725714,2022-05-27 13:10:15.636978
-63.89830668779417,-445.440238867609,2022-05-27 13:10:15.655981
-59.69900018389308,-446.0224538933478,2022-05-27 13:10:15.673986
-55.49439501800526,-446.56508161922557,2022-05-27 13:10:15.690990
-51.28486437530118,-447.0680738836167,2022-05-27 13:10:15.708997
-47.07078187811842,-447.5313860427921,2022-05-27 13:10:15.726997
-42.85252155280025,-447.9549769748817,2022-05-27 13:10:15.748001
-38.63045779649851,-448.33880908352444,2022-05-27 13:10:15.766006
-34.40496534394346,-448.6828483012049,2022-05-27 13:10:15.783011
-30.17641923418374,-448.98706409227736,2022-05-27 13:10:15.803014
-25.94519477729929,-449.25142945567575,2022-05-27 13:10:15.823039
-21.7116675210902,-449.4759209273102,2022-05-27 13:10:15.840024
-17.476213217744505,-449.66051858214985,2022-05-27 13:10:15.858044
-13.239207790487788,-449.805206035991,2022-05-27 13:10:15.877031
-9.001027300217658,-449.9099704469114,2022-05-27 13:10:15.896050
-4.762047912125949,-449.9748025164105,2022-05-27 13:10:15.912052
-0.5226458623117103,-449.9996964902339,2022-05-27 13:10:15.930046
3.7168025756121215,-449.9846501588848,2022-05-27 13:10:15.950059
7.955921123915374,-449.9296648578198,2022-05-27 13:10:15.968064
12.194333534147654,-449.83474546733044,2022-05-27 13:10:15.985057
16.43166362053277,-449.69990041211,2022-05-27 13:10:16.002066
20.667535293357577,-449.5251416605058,2022-05-27 13:10:16.021063
24.901572592352316,-449.3104847234569,2022-05-27 13:10:16.038080
29.133399720059447,-449.0559486531174,2022-05-27 13:10:16.054077
33.36264107518805,-448.76155604116553,2022-05-27 13:10:16.072440
37.588921285950796,-448.4273330167984,2022-05-27 13:10:16.091437
41.81186524338053,-448.0533092444128,2022-05-27 13:10:16.109454
46.031098134623605,-447.6395179209725,2022-05-27 13:10:16.125446
50.246245476206845,-447.1859957730617,2022-05-27 13:10:16.142456
54.45693314727533,-446.69278305362536,2022-05-27 13:10:16.160460
58.662787422797926,-446.1599235383963,2022-05-27 13:10:16.177469
62.863435006737824,-445.5874645220101,2022-05-27 13:10:16.193478
67.05850306518484,-444.97545681380745,2022-05-27 13:10:16.211471
71.24761925944676,-444.32395473332394,2022-05-27 13:10:16.231469
75.43041177909684,-443.63301610546966,2022-05-27 13:10:16.248491
79.60650937497422,-442.9027022553962,2022-05-27 13:10:16.264479
83.77554139213466,-442.13307800305415,2022-05-27 13:10:16.283481
87.93713780274848,-441.32421165743943,2022-05-27 13:10:16.303486
92.09092923894292,-440.47617501053105,2022-05-27 13:10:16.320496
96.23654702558579,-439.58904333091857,2022-05-27 13:10:16.337511
100.37362321300776,-438.6628953571218,2022-05-27 13:10:16.356498
104.50179060966018,-437.697813290602,2022-05-27 13:10:16.375519
108.62068281470563,-436.69388278846674,2022-05-27 13:10:16.392523
112.72993425053834,-435.6511929558661,2022-05-27 13:10:16.409509
116.82918019523149,-434.56983633808517,2022-05-27 13:10:16.428520
120.91805681490854,-433.4499089123293,2022-05-27 13:10:16.446524
124.99620119603584,-432.29151007920586,2022-05-27 13:10:16.463539
129.06325137763343,-431.0947426539018,2022-05-27 13:10:16.480526
133.1188463834014,-429.859712857058,2022-05-27 13:10:16.499536
137.16262625375876,-428.58653030534185,2022-05-27 13:10:16.518543
141.19423207779215,-427.2753080017175,2022-05-27 13:10:16.535547
145.21330602511148,-425.92616232541684,2022-05-27 13:10:16.551559
149.21949137760956,-424.53921302160944,2022-05-27 13:10:16.571548
153.2124325611231,-423.114583190775,2022-05-27 13:10:16.588556
157.1917751769922,-421.6523992777771,2022-05-27 13:10:16.606566
161.15716603351532,-420.1527910606402,2022-05-27 13:10:16.623575
165.10825317729754,-418.6158916390316,2022-05-27 13:10:16.642562
169.04468592448828,-417.0418374224475,2022-05-27 13:10:16.661572
172.96611489190704,-415.4307681181061,2022-05-27 13:10:16.677587
176.87219202805306,-413.7828267185475,2022-05-27 13:10:16.693591
180.76257064399735,-412.09815948894243,2022-05-27 13:10:16.713584
184.63690544415337,-410.37691595411013,2022-05-27 13:10:16.731599
188.49485255692412,-408.619248885247,2022-05-27 13:10:16.747603
192.33606956522303,-406.82531428636753,2022-05-27 13:10:16.765597
196.16021553686562,-404.9952713804575,2022-05-27 13:10:16.786595
199.9669510548294,-403.1292825953425,2022-05-27 13:10:16.805611
203.75593824737905,-401.2275135492708,2022-05-27 13:10:16.823609
207.526840818055,-399.29013303621423,2022-05-27 13:10:16.840606
211.27932407552166,-397.3173130108864,2022-05-27 13:10:16.860628
215.01305496327333,-395.3092285734807,2022-05-27 13:10:16.880615
218.7277020891952,-393.26605795412894,2022-05-27 13:10:16.896637
222.42293575497638,-391.1879824970824,2022-05-27 13:10:16.912640
226.09842798537284,-389.0751866446165,2022-05-27 13:10:16.929627
229.75385255731712,-386.9278579206602,2022-05-27 13:10:16.949637
233.38888502887272,-384.746186914152,2022-05-27 13:10:16.966654
237.00320276803046,-382.5303672621245,2022-05-27 13:10:16.983676
240.596484981344,-380.280595632517,2022-05-27 13:10:17.003651
244.16841274240224,-377.99707170672093,2022-05-27 13:10:17.021661
247.71866902013625,-375.6799981618561,2022-05-27 13:10:17.038676
251.24693870695745,-373.3295806527824,2022-05-27 13:10:17.056654
254.75290864672584,-370.94602779384627,2022-05-27 13:10:17.075659
258.23626766254404,-368.529551140365,2022-05-27 13:10:17.092681
261.6967065843766,-366.0803651698499,2022-05-27 13:10:17.109684
265.13391827649076,-363.5986872629701,2022-05-27 13:10:17.126672
268.5475976647164,-361.08473768425824,2022-05-27 13:10:17.145675
271.9374417635236,-358.5387395625614,2022-05-27 13:10:17.164692
275.30314970291425,-355.9609188712362,2022-05-27 13:10:17.182701
278.64442275512647,-353.3515044080927,2022-05-27 13:10:17.200687
281.9609643611483,-350.7107277750871,2022-05-27 13:10:17.219692
285.2524801570392,-348.0388233577656,2022-05-27 13:10:17.239702
288.5186780000569,-345.33602830446097,2022-05-27 13:10:17.255717
291.75926799458693,-342.6025825052444,2022-05-27 13:10:17.272721
294.97396251787205,-339.8387285706339,2022-05-27 13:10:17.290707
298.1624762455417,-337.0447118100606,2022-05-27 13:10:17.310724
301.32452617693514,-334.2207802100964,2022-05-27 13:10:17.327723
304.4598316602204,-331.36718441244335,2022-05-27 13:10:17.343732
307.56811441730366,-328.4841776916879,2022-05-27 13:10:17.364731
310.6490985685279,-325.57201593282093,2022-05-27 13:10:17.382746
313.7025106571593,-322.63095760852656,2022-05-27 13:10:17.399747
316.7280796736581,-319.6612637562407,2022-05-27 13:10:17.416765
319.7255370797324,-316.6631979549828,2022-05-27 13:10:17.437740
322.69461683217276,-313.6370263019613,2022-05-27 13:10:17.453751
325.6350554064649,-310.58301738895597,2022-05-27 13:10:17.470765
328.54659182017963,-307.50144227847824,2022-05-27 13:10:17.489754
331.428967656136,-304.3925744797135,2022-05-27 13:10:17.507769
334.2819270853383,-301.25668992424477,2022-05-27 13:10:17.525778
337.1052168896818,-298.09406694156223,2022-05-27 13:10:17.541782
339.89858648442777,-294.9049862343598,2022-05-27 13:10:17.561775
342.6617879404444,-291.6897308536211,2022-05-27 13:10:17.579779
345.39457600621205,-288.44858617349644,2022-05-27 13:10:17.596783
348.0967081295908,-285.1818398659748,2022-05-27 13:10:17.613781
350.7679444793486,-281.88978187535037,2022-05-27 13:10:17.633802
353.4080479664479,-278.5727043924886,2022-05-27 13:10:17.651790
356.0167842650884,-275.23090182889257,2022-05-27 13:10:17.670803
358.59392183350536,-271.86467079057155,2022-05-27 13:10:17.687798
361.1392319345202,-268.47431005171586,2022-05-27 13:10:17.706817
363.6524886558422,-265.0601205281786,2022-05-27 13:10:17.728806
366.13346893012005,-261.62240525076743,2022-05-27 13:10:17.744810
368.5819525547402,-258.16146933834887,2022-05-27 13:10:17.761848
370.99772221137124,-254.67761997076664,2022-05-27 13:10:17.780817
373.3805634852522,-251.17116636157814,2022-05-27 13:10:17.799840
375.7302648842235,-247.64241973060928,2022-05-27 13:10:17.815843
378.04661785749795,-244.09169327633197,2022-05-27 13:10:17.834847
380.329416814171,-240.51930214806586,2022-05-27 13:10:17.854842
382.5784591414683,-236.92556341800673,2022-05-27 13:10:17.871837
384.79354522272865,-233.3107960530843,2022-05-27 13:10:17.888855
386.97447845512164,-229.67532088665206,2022-05-27 13:10:17.907847
389.12106526709704,-226.01946059001116,2022-05-27 13:10:17.926868
391.2331151355655,-222.34353964377138,2022-05-27 13:10:17.943872
393.3104406028085,-218.64788430905213,2022-05-27 13:10:17.960876
395.3528572931177,-214.93282259852185,2022-05-27 13:10:17.977889
397.3601839291575,-211.19868424728912,2022-05-27 13:10:17.996874
399.3322423480555,-207.44580068363365,2022-05-27 13:10:18.013888
401.26885751721585,-203.67450499959082,2022-05-27 13:10:18.030891
403.16985754985393,-199.8851319213875,2022-05-27 13:10:18.051878
405.0350737202528,-196.07801777973322,2022-05-27 13:10:18.069900
406.8643404787385,-192.2535004799683,2022-05-27 13:10:18.086899
408.6574954663735,-188.411919472073,2022-05-27 13:10:18.103891
410.41437952936735,-184.55361572053917,2022-05-27 13:10:18.122901
412.13483673320223,-180.67893167410722,2022-05-27 13:10:18.140917
413.8187143764737,-176.78821123537193,2022-05-27 13:10:18.157909
415.4658630044431,-172.88179973025876,2022-05-27 13:10:18.175924
417.07613642230336,-168.96004387737418,2022-05-27 13:10:18.194920
418.64939170815416,-165.02329175723193,2022-05-27 13:10:18.213934
420.18548922568755,-161.07189278135903,2022-05-27 13:10:18.230936
421.6842926365813,-157.10619766128292,2022-05-27 13:10:18.248923
423.1456689125997,-153.12655837740402,2022-05-27 13:10:18.267928
424.5694883474012,-149.1333281477549,2022-05-27 13:10:18.286931
425.9556245680499,-145.12686139665018,2022-05-27 13:10:18.303936
427.3039545462325,-141.10751372322903,2022-05-27 13:10:18.321941
428.6143586091776,-137.07564186989356,2022-05-27 13:10:18.339943
429.88672045027744,-133.03160369064562,2022-05-27 13:10:18.359955
431.120927139411,-128.97575811932515,2022-05-27 13:10:18.375969
432.316869132967,-124.90846513775237,2022-05-27 13:10:18.392968
433.4744402835667,-120.83008574377722,2022-05-27 13:10:18.411981
434.59353784948536,-116.74098191923855,2022-05-27 13:10:18.428981
435.6740625037707,-112.64151659783583,2022-05-27 13:10:18.445985
436.71591834305934,-108.5320536329167,2022-05-27 13:10:18.462977
437.7190128960886,-104.41295776518251,2022-05-27 13:10:18.483983
438.6832571319039,-100.2845945903154,2022-05-27 13:10:18.499997
439.60856546776057,-96.14733052652926,2022-05-27 13:10:18.516986
440.49485577672044,-92.00153278204803,2022-05-27 13:10:18.536005
441.3420493949406,-87.84756932251341,2022-05-27 13:10:18.555999
442.1500711286556,-83.68580883832571,2022-05-27 13:10:18.575004
442.9188492608512,-79.51662071192031,2022-05-27 13:10:18.594018
443.64831555762976,-75.34037498498255,2022-05-27 13:10:18.613004
444.3384052742665,-71.1574423256042,2022-05-27 13:10:18.632027
444.989057160956,-66.9681939953844,2022-05-27 13:10:18.649046
445.60021346824834,-62.77300181647785,2022-05-27 13:10:18.667017
446.17181995217487,-58.57223813859319,2022-05-27 13:10:18.686028
446.70382587906266,-54.36627580594469,2022-05-27 13:10:18.704038
447.19618403003756,-50.1554881241599,2022-05-27 13:10:18.721050
447.648850705215,-45.94024882714654,2022-05-27 13:10:18.738034
448.0617857275785,-41.720932043921145,2022-05-27 13:10:18.757045
448.4349524465462,-37.49791226540283,2022-05-27 13:10:18.776043
448.76831774122303,-33.27156431117488,2022-05-27 13:10:18.792058
449.0618520233412,-29.042263296217055,2022-05-27 13:10:18.811050
449.31552923988573,-24.81038459761189,2022-05-27 13:10:18.830054
449.529326875407,-20.576303821227555,2022-05-27 13:10:18.848064
449.7032259540195,-16.340396768380476,2022-05-27 13:10:18.865077
449.83721104108537,-12.103039402480613,2022-05-27 13:10:18.883066
449.93127024458505,-7.864607815662336,2022-05-27 13:10:18.904070
449.98539521617215,-3.625478195403884,2022-05-27 13:10:18.923075
