,x_data,y_data
0,450.0,0.0
1,450.0,0.0
2,450.0,0.0
3,449.9800298339445,4.239428103219768
4,449.9201211082561,8.478479930514197
5,449.8202791402112,12.716779239354802
6,449.6805127914128,16.95394985400385
7,449.5008344670039,21.18961569890232
8,449.2812601145668,25.423400832048976
9,449.02180922270696,29.654929478367592
10,448.7225048193241,33.883826063059324
11,448.3833734695677,38.10971524493741
12,448.0044452734792,42.33222194974097
13,447.58575386332114,46.55097140342528
14,447.127336400591,50.76558916542528
15,446.6292335727237,54.97570116188957
16,446.0914895894802,59.180933718881775
17,445.5141521790232,63.3809135955465
18,444.8972725836815,67.5752680172368
19,444.2409055554015,71.76362470860022
20,443.5451093508879,75.94561192662066
21,442.80994572643294,80.12085849361284
22,442.03547993243495,84.28899383016669
23,441.2217807076075,88.44964798803862
24,440.3689202728777,92.6024516829867
25,439.4769743249768,96.747036327547
26,438.54602202972114,100.88303406374804
27,437.576146014986,105.0100777957605
28,436.5674323633716,109.12780122247926
29,435.519970604563,113.23583887003502
30,434.43385370738366,117.3338261242323
31,433.3091780715436,121.42139926291124
32,432.1460435190839,125.49819548823037
33,430.9445532855162,129.56385295886696
34,429.7048140106605,133.61801082213304
35,428.42693572917983,137.66030924600304
36,427.1110318608142,141.69038945105137
37,425.75721920031344,145.70789374229605
38,424.3656179070717,149.7124655409469
39,422.93635149446186,153.70374941605365
40,421.4695468188732,157.68139111605294
41,419.96533406845214,161.64503760021026
42,418.4238467515472,165.5943370699546
43,416.8452216848592,169.52893900010284
44,415.229598981298,173.4484941699709
45,413.5771220375466,177.35265469436948
46,411.8879375213338,181.2410740544808
47,410.1621953584164,185.11340712861465
48,408.4000487192725,188.96931022283985
49,406.6016540055064,192.8084411014893
50,404.76717083596736,196.63045901753577
51,402.89676203258216,200.4350247428349
52,400.9905936059037,204.22180059823435
53,399.0488347403765,207.9904504835445
54,397.0716577793202,211.74063990736968
55,395.059238209634,215.4720360167965
56,393.0117546462198,219.18430762693643
57,390.92938881613,222.8771252503205
58,388.8123255424374,226.55016112614368
59,386.6607527278316,230.20308924935537
60,384.47486133794087,233.83558539959472
61,382.2548453843832,237.44732716996688
62,380.0009019075464,241.03799399565904
63,377.7132309590992,244.60726718239223
64,375.392035584236,248.1548299347077
65,373.037521803655,251.68036738408415
66,370.6498985952726,255.1835666168849
67,368.2293778756752,258.66411670213023
68,365.7761744813103,262.121708719095
69,363.2905061494186,265.55603578472704
70,360.7725934987085,268.9667930808851
71,358.22266000977413,272.3536778813933
72,355.6409320052612,275.7163895789099
73,353.0276386297781,279.05462971160824
74,350.38301182955905,282.3681019896672
75,347.7072863318767,285.6565123215684
76,345.0006996242088,288.9195688401989
77,342.2634919331599,292.15698192875664
78,339.49590620313927,295.3684642464548
79,336.69818807479857,298.55373075402616
80,333.8705858632294,301.7124987390214
81,331.0133505359237,304.8444878409018
82,328.12673569049895,307.94942007592323
83,325.21099753218994,311.02701986180875
84,322.26639485110854,314.0770140422082
85,319.29318899927483,317.09913191094256
86,316.2916438674203,320.0931052360312
87,313.26202586156586,323.0586682834987
88,310.2046038793767,325.9955578409605
89,307.1196492862957,328.90351324098486
90,304.00743589145867,331.78227638422857
91,300.8682399233912,334.6315917623449
92,297.7023400054922,337.4512064806619
93,294.51001713130444,340.24087028062746
94,291.29155463957386,343.00033556202266
95,288.0472381891024,345.7293574049368
96,284.7773557333934,348.4276935915059
97,281.48219749509406,351.0951046274113
98,278.1620559402364,353.7313537631359
99,274.8172257522789,356.3362070149776
100,271.4480038059517,358.9094331858164
101,268.0546891409072,361.4508038856348
102,264.6375829351778,363.9600935517889
103,261.19698847844523,366.43707946902833
104,257.73321114512106,368.8815417892639
105,254.24655836724324,371.29326355108026
106,250.73733960718937,373.6720306989928
107,247.20586633020983,376.017632102446
108,243.6524519767837,378.3298595745532
109,240.07741193479853,380.6085078905739
110,236.48106351155775,382.8533748061294
111,232.8637259056179,385.06426107515256
112,229.22572017845752,387.2409704675727
113,225.5673692259809,389.3833097867319
114,221.88899774985927,391.49108888653257
115,218.1909322287113,393.5641206883142
116,214.47350088912583,395.6022211974576
117,210.7370336765305,397.6052095197155
118,206.981862225906,399.5729078772685
119,203.2083198323521,401.5051416245034
120,199.41674142150544,403.4017392635144
121,195.60746351981228,405.2625324593248
122,191.78082422466065,407.0873560548274
123,187.9371631743711,408.8760480854434
124,184.07682151805236,410.62844979349774
125,180.20014188532167,412.3444056423101
126,176.3074683558947,414.0237633299992
127,172.39914642904606,415.6663738030012
128,168.47552299294404,417.2720912692988
129,164.5369462938623,418.84077321136095
130,160.58376590527052,420.3722803987928
131,156.61633269680794,421.8664769006928
132,152.63499880314114,423.3232300977175
133,148.64011759271003,424.74241069385255
134,144.6320436363641,426.1238927278883
135,140.61113267589215,427.4675535845997
136,136.57774159244786,428.7732740056294
137,132.5322283748743,430.04093810007225
138,128.47495208793032,431.2704333547618
139,124.40627284042122,432.46165064425617
140,120.32655175323669,433.614484240524
141,116.23615092729943,434.7288318223281
142,112.13543341142577,435.80459448430753
143,108.02476317010355,436.84167674575536
144,103.90450505118751,437.8399865590941
145,99.77502475351692,438.7994353180449
146,95.63668879445736,439.719937865492
147,91.48986447737016,440.60141250104095
148,87.33491985901185,441.4437809882703
149,83.17222371686675,442.2469685616754
150,79.00214551641578,443.010903933304
151,74.82505537834389,443.735519299084
152,70.64132404568974,444.4207503448415
153,66.45132285093973,445.0665362520082
154,62.25542368306999,445.672819703021
155,58.0539989545389,446.23954688640765
156,53.84742156823312,446.7666675015639
157,49.63606488437013,447.25413476321785
158,45.420302687360106,447.7019054055819
159,41.20050915263028,448.1099396861936
160,36.97705881341447,448.47820138944246
161,32.75032652751091,448.8066578297847
162,28.52068744401133,449.0952798546441
163,24.28851697000378,449.3440418469993
164,20.05419073725342,449.5529217276581
165,15.81808456886248,449.7219009572164
166,11.580574445913678,449.850964537704
167,7.34203647409953,449.9401010139161
168,3.1028468503406144,449.9893024744292
169,-1.1366181706042833,449.9985645523041
170,-5.375982309533143,449.9678864254733
171,-9.614869296197858,449.8972708168133
172,-13.852902902700588,449.786723993904
173,-18.089706976886355,449.6362557684716
174,-22.324905475728908,449.44587949551806
175,-26.55812249870692,449.2156120721359
176,-30.788982321167506,448.945473936008
177,-35.01710942767417,448.63548906359415
178,-39.242128545336165,448.2856849680026
179,-43.46366467711629,447.8960926965485
180,-47.68134313511428,447.4667468279978
181,-51.89478957382269,446.9976854694984
182,-56.10363002335243,446.488950253198
183,-60.30749092262493,445.9405863325489
184,-64.50599915252793,445.35264237830006
185,-68.69878206903262,444.72517057417787
186,-72.8854675362674,444.05822661225375
187,-77.06568395954783,443.351869688002
188,-81.23906031835783,442.60616249504506
189,-85.40522619928005,441.8211712195895
190,-89.56381182887249,440.9969655345514
191,-93.71444810648812,440.13361859337255
192,-97.85676663703497,439.23120702352753
193,-101.9903997636734,438.28981091972247
194,-106.11498060044808,437.3095138367864
195,-110.2301430648514,436.2904027822551
196,-114.33552191031548,435.23256820864833
197,-118.43075275863032,434.13610400544223
198,-122.51547213228446,433.0011074907355
199,-126.58931748672592,431.8276794026118
200,-130.6519272425405,430.6159238901993
201,-134.70294081754398,429.3659485044258
202,-138.74199865878617,428.07786418847377
203,-142.76874227446356,426.7517852679328
204,-146.78281426573764,425.38782944065287
205,-150.7838583584562,423.9861177662979
206,-154.77151943477529,422.54677465560064
207,-158.74544356467766,421.06992785932096
208,-162.7052780373865,419.5557084569065
209,-166.65067139267094,418.00425084485926
210,-170.58127345203997,416.4156927248064
211,-174.49673534982327,414.7901750912788
212,-178.39670956413516,413.1278422191969
213,-182.2808499477193,411.4288416510649
214,-186.1488117586715,409.6933241838762
215,-190.00025169103776,407.9214438557285
216,-193.8348279052847,406.11335793215255
217,-197.6522000586401,404.26922689215326
218,-201.4520293353004,402.3892144139667
219,-205.23397847650276,400.4734873605323
220,-208.9977118104589,398.5222157646828
221,-212.7428952821481,396.5355728140528
222,-216.46919648296665,394.5137348357073
223,-220.1762846802312,392.4568812804915
224,-223.8638308465333,390.36519470710334
225,-227.53150768894295,388.2388607658905
226,-231.17898967805752,386.0780681823724
227,-234.80595307689475,383.88300874049
228,-238.4120759696264,381.6538772655835
229,-241.9970382901503,379.3908716071006
230,-245.5605218504983,377.0941926210359
231,-249.10221036907737,374.7640441521037
232,-252.62178949874152,372.4006330156456
233,-256.11894685469235,370.0041689792742
234,-259.5933720422047,367.5748647442552
235,-263.0447566841768,365.1129359266284
236,-266.47279444849994,362.6186010380707
237,-269.8771810752479,360.0920814665019
238,-273.257614403682,357.53360145643467
239,-276.61379439906915,354.9433880890719
240,-279.94542317931246,352.3216712621517
241,-283.2522050413897,349.6686836695424
242,-286.5338464875992,346.9846607805897
243,-289.7900562516093,344.2698408192171
244,-293.02054532431026,341.52446474278213
245,-296.2250269794655,338.74877622068976
246,-299.4032167991605,335.94302161276534
247,-302.5548326990465,333.1074499473886
248,-305.67959495337755,330.2423128993907
249,-308.7772262198375,327.3478647677166
250,-311.8474515641564,324.4243624528545
251,-314.88999848451215,321.4720654340342
252,-317.90459693571705,318.4912357461964
253,-320.890979353186,315.48213795673627
254,-323.8488806766844,312.4450391420204
255,-326.7780383738539,309.38020886368287
256,-329.67819246351416,306.28791914469974
257,-332.54908553873724,303.1684444452451
258,-335.39046278969454,300.0220616383311
259,-338.2020720262727,296.8490499852339
260,-340.9836637004567,293.6496911107073
261,-343.7349909284795,290.4242689779869
262,-346.45580951273377,287.1730698635865
263,-349.14587796344654,283.896382331889
264,-351.8049575201126,280.59449720953506
265,-354.4328121726862,277.2677075596099
266,-357.0292086825283,273.91630865563235
267,-359.593916603108,270.5405979553475
268,-362.1267083004562,267.1408750743253
269,-364.62735897336944,263.7174417593679
270,-367.0956466733624,260.2706018617275
271,-369.5313523243673,256.80066131013814
272,-371.9342597421785,253.3079280836621
273,-374.3041556536396,249.79271218435488
274,-376.6408297155734,246.25532560975097
275,-378.9440745334508,242.6960823251717
276,-381.2136856797985,239.1152982358589
277,-383.4494617123436,235.51329115893648
278,-385.6512041918918,231.890380795202
279,-387.8187176999414,228.24688870075133
280,-389.95180985602696,224.58313825843865
281,-392.05029133479513,220.8994546491735
282,-394.1139758828076,217.19616482305983
283,-396.1426803350726,213.47359747037683
284,-398.1362246313024,209.73208299240517
285,-400.0944318318941,205.9719534721023
286,-402.0171281336344,202.1935426446279
287,-403.9041428851261,198.39718586772256
288,-405.7553086019337,194.58322009194305
289,-407.5704609814495,190.75198383075525
290,-409.3494389174761,186.90381713048973
291,-411.09208451452525,183.03906154015976
292,-412.79824310183307,179.15806008114714
293,-414.4677632470869,175.2611572167568
294,-416.1004967698666,171.3486988216434
295,-417.69629875479626,167.4210321511129
296,-419.2550275644065,163.47850581030136
297,-420.7765448517055,159.52146972323413
298,-422.2607155724581,155.55027510176785
299,-423.70740799717214,151.56527441441824
300,-425.1164937227901,147.5668213550762
301,-426.4878476840856,143.55527081161537
302,-427.8213481647638,139.53097883439344
303,-429.11687680826464,135.4943026046506
304,-430.3743186282674,131.4456004028074
305,-431.5935620188969,127.3852315766651
306,-432.7744987646287,123.31355650951124
307,-433.9170240498942,119.23093658813347
308,-435.021036468384,115.13773417074408
309,-436.0864380320476,111.03431255481854
310,-437.113134179791,106.92103594485044
311,-438.1010337858696,102.79826942002616
312,-439.050049167976,98.66637890182176
313,-439.96009609502215,94.52573112152513
314,-440.831093794616,90.37669358768618
315,-441.6629649602298,86.21963455349841
316,-442.45563575806233,82.05492298411387
317,-443.20903583359154,77.8829285238953
318,-443.92309831781904,73.7040214636078
319,-444.59775983320543,69.51857270755328
320,-445.2329604992952,65.32695374065027
321,-445.82864393803146,61.129536595462376
322,-446.3847572787601,56.92669381917823
323,-446.90125116292216,52.718798440544745
324,-447.3780797484348,48.506223936759696
325,-447.81520071376025,44.28934420032247
326,-448.2125752616616,40.06853350584895
327,-448.57016812264686,35.844166476852266
328,-448.8879475580992,31.61661805249264
329,-449.1658853630936,27.38626345429916
330,-449.4039568689007,23.15347815286647
331,-449.602140945176,18.91863783452945
332,-449.76042000183554,14.682118368018662
333,-449.8787799906168,10.444295771099627
334,-449.95721040632594,6.205546177198901
335,-449.99570428776985,1.9662458020198472
336,-449.99425821837445,-2.27322908984886
337,-449.95287232648735,-6.512502218329094
338,-449.8715502853671,-10.7511973212505
339,-449.7502993128564,-14.988938187746127
340,-449.5891301707424,-19.225348691643514
341,-449.3880571638006,-23.46005282484825
342,-449.147098138526,-27.69267473071707
343,-448.8662744815485,-31.922838737417475
344,-448.5456111177351,-36.15016939127101
345,-448.18513650797735,-40.37429149007709
346,-447.7848826466656,-44.59483011641461
347,-447.3448850588492,-48.81141067091817
348,-446.86518279708304,-53.02365890552618
349,-446.345818437962,-57.2312009566977
350,-445.7868380783415,-61.43366337859519
351,-445.1882913312466,-65.63067317623016
352,-444.550231321468,-69.82185783856887
353,-443.87271468084725,-74.00684537159496
354,-443.1558015432503,-78.18526433132635
355,-442.39955553922994,-82.35674385678314
356,-441.6040437903786,-86.52091370290391
357,-440.7693369033706,-90.67740427340726
358,-439.89550896369553,-94.82584665359587
359,-438.9826375290824,-98.96587264309996
360,-438.03080362261625,-103.09711478855736
361,-437.04009172554686,-107.21920641622734
362,-436.01058976979016,-111.33178166453526
363,-434.942389130124,-115.434475516545
364,-433.8355846160778,-119.52692383235656
365,-432.6902744635182,-123.60876338142565
366,-431.5065603259292,-127.67963187480312
367,-430.28454726539024,-131.73916799728983
368,-429.0243437432514,-135.78701143950576
369,-427.7260616105064,-139.82280292987008
370,-426.3898160978654,-143.84618426648842
371,-425.0157258055274,-147.85679834894563
372,-423.60391269265375,-151.85428921000084
373,-422.1545020665436,-155.8383020471816
374,-420.6676225715121,-159.80848325427488
375,-419.1434061774721,-163.7644804527119
376,-417.58198816822136,-167.7059425228439
377,-415.9835071294352,-171.63251963510632
378,-414.3481049363658,-175.54386328106816
379,-412.6759267412506,-179.43962630436448
380,-410.9671209604282,-183.3194629315087
381,-409.2218392611662,-187.18302880258207
382,-407.4402365481995,-191.0299810017979
383,-405.6224709499815,-194.8599780879374
384,-403.7687038046493,-198.6726801246548
385,-401.8790996457039,-202.46774871064872
386,-399.9538261874068,-206.24484700969768
387,-397.9930543098942,-210.0036397805561
388,-395.9969580440106,-213.7437934067094
389,-393.9657145558622,-217.46497592598425
390,-391.8995041310922,-221.1668570600125
391,-389.79851015888,-224.84910824354532
392,-387.662919115663,-228.51140265361576
393,-385.492920548587,-232.153415238546
394,-383.2887070586819,-235.77482274679775
395,-381.0504742837673,-239.3753037556631
396,-378.7784208810885,-242.95453869979255
397,-376.4727485096842,-246.51220989955863
398,-374.13366181248847,-250.04800158925187
399,-371.7613683981668,-253.561599945107
400,-369.35607882269,-257.05269311315686
401,-366.9180065706457,-260.5209712369113
402,-364.4473680362906,-263.966126484859
403,-361.9443825043436,-267.38785307778926
404,-359.4092721305236,-270.7858473159321
405,-356.842261921831,-274.1598076059133
406,-354.24357971657764,-277.5094344875228
407,-351.6134561641642,-280.83443066029383
408,-348.952124704609,-284.13450100988973
409,-346.25982154782804,-287.409352634298
410,-343.53678565267097,-290.6586948698263
411,-340.7832587057111,-293.88223931690123
412,-337.9994850997944,-297.0796998656655
413,-335.1857119123484,-300.2507927213718
414,-332.3421888834522,-303.3952364295718
415,-329.4691683936705,-306.51275190109664
416,-326.5669054416534,-309.6030624368277
417,-323.6356576215034,-312.66589375225595
418,-320.6756850999128,-315.700974001826
419,-317.68725059307144,-318.7080338030641
420,-314.6706193433499,-321.68680626048774
421,-311.6260590957571,-324.63702698929416
422,-308.55384007417604,-327.5584341388263
423,-305.4542349573802,-330.45076841581346
424,-302.3275188548313,-333.3137731073855
425,-299.1739692822617,-336.1471941038574
426,-295.99386613704297,-338.95077992128336
427,-292.78749167334365,-341.7242817237776
428,-289.5551304770769,-344.4674533455998
429,-286.297069440642,-347.1800513130042
430,-283.0135977374607,-349.86183486584923
431,-279.7050067963117,-352.51256597896656
432,-276.3715902754637,-355.1320093832873
433,-273.01364403661205,-357.7199325867236
434,-269.631466118619,-360.27610589480395
435,-266.2253567110609,-362.8003024310597
436,-262.7956181275841,-365.29229815716207
437,-259.3425547790732,-367.7518718928068
438,-255.8664731466328,-370.17880533534526
439,-252.3676817543844,-372.5728830791604
440,-248.8464911420843,-374.93389263478514
441,-245.30321383756004,-377.2616244477621
442,-241.7381643289724,-379.5558719172432
443,-238.15165903690203,-381.8164314143266
444,-234.54401628626576,-384.0431023001297
445,-230.91555627806255,-386.2356869435978
446,-227.26660106095423,-388.39399073904457
447,-223.5974745026813,-390.5178221234247
448,-219.9085022613177,-392.60699259333626
449,-216.20001175636676,-394.6613167217518
450,-212.47233213970037,-396.68061217447575
451,-208.72579426634496,-398.6646997263282
452,-204.960730665116,-400.6134032770519
453,-201.17747550910383,-402.5265498669422
454,-197.37636458601372,-404.403969692199
455,-193.5577352683628,-406.24549611999686
456,-189.72192648353567,-408.0509657032757
457,-185.86927868370304,-409.8202181952471
458,-182.00013381560416,-411.5530965636174
459,-178.11483529019674,-413.2494470045255
460,-174.2137279521774,-414.9091189561935
461,-170.29715804937433,-416.53196511229055
462,-166.3654732020156,-418.1178414350067
463,-162.41902237187583,-419.6666071678376
464,-158.45815583130351,-421.178124848077
465,-154.4832251321321,-422.652260319018
466,-150.4945830744777,-424.08888274186006
467,-146.4925836754258,-425.4878646073215
468,-142.47758213760994,-426.84908174695727
469,-138.44993481768535,-428.1724133441792
470,-134.40999919469996,-429.45774194497966
471,-130.358133838366,-430.704953468356
472,-126.29469837723497,-431.91393721643584
473,-122.2200534667768,-433.084585884303
474,-118.1345607573718,-434.21679556952057
475,-114.0385828622103,-435.3104657813533
476,-109.93248332510886,-436.36549944968687
477,-105.81662658824348,-437.3818029336432
478,-101.691377959803,-438.3592860298918
479,-97.5571035815658,-439.2978619806562
480,-93.41417039640233,-440.1974474814136
481,-89.26294611570663,-441.05796268828936
482,-85.10379918675969,-441.8793312251431
483,-80.93709876002738,-442.6614801903477
484,-76.76321465639603,-443.4043401632601
485,-72.58251733434851,-444.1078452103824
486,-68.39537785708372,-444.7719328912142
487,-64.20216785958232,-445.3965442637942
488,-60.003259515621934,-445.98162388993217
489,-55.79902550474424,-446.5271198401289
490,-51.58983897917737,-447.0329836981859
491,-47.37607353071634,-447.49917056550186
492,-43.15810315756437,-447.9256390650585
493,-38.936302231138185,-448.3123513450923
494,-34.711045462840275,-448.65927308245466
495,-30.4827078708008,-448.9663734856581
496,-26.251664746592432,-449.23362529760897
497,-22.018291621920863,-449.461004798027
498,-17.782964235293974,-449.6484918055505
499,-13.5460584986727,-449.7960696795277
500,-9.30795046410647,-449.9037253214933
501,-5.06901629035622,-449.97144917633176
502,-0.8296322095079428,-449.9992352331245
503,3.4098255064202845,-449.9870810256843
504,7.648980578874807,-449.9349876327734
505,11.887456756163488,-449.84295967800847
506,16.1248778468504,-449.7110053294495
507,20.3608677531452,-449.53913629887546
508,24.595050504284163,-449.3273678407445
509,28.82705028989996,-449.07571875084005
510,33.05649149337718,-448.7842113646026
511,37.28299872519071,-448.4528715551473
512,41.506196856223845,-448.08172873096754
513,45.72571105106343,-447.67081583332487
514,49.94116680126883,-447.2201693333249
515,54.15218995861189,-446.7298292286809
516,58.358406768285,-446.199839040163
517,62.559443902074136,-445.630245807736
518,66.75492849149413,-445.02110008638414
519,70.94448816088301,-444.3724559416237
520,75.12775106045284,-443.68437094470505
521,79.30434589929354,-442.9569061675021
522,83.47390197832746,-442.190126177092
523,87.63604922321115,-441.38409903002497
524,91.7904182171818,-440.538896266283
525,95.93664023384538,-439.65459290293074
526,100.07434726990328,-438.731267427457
527,104.20317207781513,-437.7690017908089
528,108.32274819839404,-436.76788140011774
529,112.43270999333254,-435.7279951111189
530,116.53269267765486,-434.6494352202649
531,120.62233235209428,-433.5322974565343
532,124.70126603539116,-432.3766809729343
533,128.76913169651004,-431.1826883377009
534,132.82556828677204,-429.9504255251948
535,136.8702157719003,-428.6800019064961
536,140.9027151639752,-427.3715302396963
537,144.9227085532968,-426.02512665989104
538,148.92983914015167,-424.6409106688715
539,152.92375126648102,-423.2190051245188
540,156.90409044744766,-421.7595362298986
541,160.87050340289866,-420.2626335220608
542,164.82263808872133,-418.7284298605415
543,168.7601437280892,-417.15706141557126
544,172.68267084259577,-415.5486676559892
545,176.5898712832729,-413.9033913368639
546,180.4813982614912,-412.2213784868235
547,184.3569063797397,-410.5027783950943
548,188.21605166228213,-408.7477435982505
549,192.0584915856868,-406.9564298666758
550,195.8838851092278,-405.1289961907378
551,199.6918927051545,-403.2656047666762
552,203.48217638882676,-401.3664209822072
553,207.2543997487132,-399.4316134018445
554,211.00822797624983,-397.46135375193774
555,214.7433278955565,-395.45581690543065
556,218.45936799300813,-393.41518086634056
557,222.1560184466586,-391.3396267539589
558,225.83295115551564,-389.22933878677554
559,229.48983976865995,-387.0845042661289
560,233.12635971421216,-384.9053135595815
561,236.7421882281405,-382.6919600840234
562,240.3370043829076,-380.44464028850535
563,243.91048911595567,-378.1635536368031
564,247.46232525802455,-375.8489025897131
565,250.992197561303,-373.5008925870832
566,254.4997927274084,-371.1197320295785
567,257.9847994351945,-368.7056322601846
568,261.4469083683828,-366.2588075454493
569,264.8858122430164,-363.7794750564653
570,268.3012058347335,-361.26785484959487
571,271.6927860058577,-358.72416984693854
572,275.0602517323037,-356.14864581654905
573,278.4033041302948,-353.5415113523935
574,281.72164648289095,-350.9029978540637
575,285.01498426632406,-348.23333950623834
576,288.28302517613906,-345.5327732578975
577,291.5254791531374,-342.80153880129194
578,294.742058409122,-340.0398785506689
579,297.93247745244025,-337.2480376207565
580,301.09645311332275,-334.4262638050078
581,304.2337045690169,-331.574807553608
582,307.3439533687114,-328.69392195124533
583,310.4269234582508,-325.78386269464806
584,313.48234120463667,-322.8448880698899
585,316.5099354203145,-319.87725892946554
586,319.5094373872433,-316.8812386691381
587,322.4805808807458,-313.85709320456147
588,325.4231021931379,-310.80509094767825
589,328.33674015713405,-307.7255027828968
590,331.22123616902786,-304.6186020430484
591,334.0763342116444,-301.48466448512715
592,336.9017808770635,-298.3239682658151
593,339.69732538911165,-295.1367939167937
594,342.4627196256193,-291.9234243198453
595,345.19771814044367,-288.68414468174524
596,347.90207818525374,-285.41924250894783
597,350.5755597310754,-282.1290075820691
598,353.21792548959564,-278.813731930166
599,355.8289409342235,-275.47370980481764
600,358.40837432090564,-272.10923765400827
601,360.9559967086951,-268.720614095816
602,363.4715819800713,-265.3081398919081
603,365.9549068610094,-261.87211792084685
604,368.4057509407972,-258.41285315120706
605,370.823896691598,-254.93065261450815
606,373.2091294877577,-251.42582537796335
607,375.56123762485385,-247.8986825170478
608,377.8800123384862,-244.34953708788868
609,380.1652478228056,-240.7787040994797
610,382.41674124878034,-237.18650048572195
611,384.634292782199,-233.573245077294
612,386.81770560140666,-229.93925857335347
613,388.9667859147741,-226.2848635130735
614,391.0813429778981,-222.61038424701496
615,393.1611891105312,-218.91614690833825
616,395.20613971323945,-215.2024793838572
617,397.2160132837868,-211.4697112849369
618,399.1906314332445,-207.71817391823856
619,401.1298189018244,-203.94820025631407
620,403.0334035744343,-200.16012490805252
621,404.9012164959541,-196.35428408898173
622,406.73309188623176,-192.53101559142667
623,408.52886715479735,-188.69065875452856
624,410.28838291529394,-184.83355443412628
625,412.01148299962415,-180.96004497250323
626,413.6980144718111,-177.07047416800245
627,415.34782764157205,-173.16518724451203
628,416.96077607760526,-169.24453082082482
629,418.5367166205857,-165.30885287987329
630,420.0755093958717,-161.35850273784422
631,421.5770178259202,-157.39383101317455
632,423.04110864240806,-153.4151895954318
633,424.4676518980609,-149.42293161408176
634,425.8565209781869,-145.4174114071458
635,427.2075926119139,-141.39898448975143
636,428.5207468831317,-137.36800752257778
637,429.795867241134,-133.3248382802
638,431.03284051096415,-129.26983561933432
639,432.2315569034594,-125.2033594469874
640,433.3919100249957,-121.12577068851226
641,434.51379688693066,-117.0374312555738
642,435.59711791474456,-112.9387040140274
643,436.6417769568785,-108.8299527517106
644,437.6476812932676,-104.71154214615711
645,438.6147416435714,-100.58383773222774
646,439.54287217509744,-96.4472058696672
647,440.4319905104198,-92.30201371058752
648,441.2820177346905,-88.14862916688097
649,442.0928784026437,-83.98742087756543
650,442.86450054529183,-79.81875817606546
651,443.5968156763135,-75.64301105743165
652,444.289758798132,-71.46055014550117
653,444.9432684076841,-67.2717466600026
654,445.5572865018791,-63.07697238360786
655,446.1317585827467,-58.87659962893412
656,446.6666336622743,-54.671001205498726
657,447.1618642669323,-50.46055038663005
658,447.6174064418877,-46.24562087633704
659,448.0332197549056,-42.026586776140775
660,448.4092672999374,-37.80382255187044
661,448.7455157003968,-33.577703000427256
662,449.0419351121222,-29.34860321651883
663,449.29849922602506,-25.11689855936716
664,449.5151852704257,-20.88296461939315
665,449.691974013074,-16.647177184880558
666,449.8288497628562,-12.409912208622476
667,449.9258003711883,-8.171545774553104
668,449.9828172330936,-3.9324540643679646
669,449.9998952879665,0.3069866758645997
670,449.9770330200225,4.546400169097637
671,449.9142324584316,8.785410140702533
672,449.81149917713896,13.023640351865764
673,449.6688422943697,17.26071463298245
674,449.48627447182014,21.49625691704377
675,449.2638119135335,25.72989127301529
676,449.0014743644619,29.961241939203216
677,448.69928510871387,34.18993335660557
678,448.3572709674877,38.415590202245454
679,447.97546229669086,42.6378374224833
680,447.5538929842459,46.85630026630528
681,447.0926004470825,51.07060431858476
682,446.5916256278164,55.28037553331404
683,446.051012991116,59.48524026680329
684,445.4708105197548,63.68482531084374
685,444.851069710354,67.87875792583235
686,444.1918455688107,72.06666587385465
687,443.4931966054164,76.24817745172335
688,442.7551848296635,80.42292152396921
689,441.97787574474194,84.59052755578175
690,441.16133834172496,88.75062564589648
691,440.3056450934462,92.902846559426
692,439.4108719480666,97.04682176063189
693,438.4770983223342,101.1821834456346
694,437.5044070945352,105.30856457505838
695,436.4928845971376,109.42559890660829
696,435.4426206091292,113.53292102757648
697,434.353708348049,117.63016638727495
698,433.2262444617131,121.71697132939175
699,432.0603290196374,125.79297312426765
700,430.8560655041549,129.8578100010906
701,429.613560801232,133.91112118000547
702,428.3329251909808,137.95254690413532
703,427.0142723378714,141.98172847151204
704,425.6577192806437,145.99830826691357
705,424.263386421919,150.00192979360446
706,422.8313975175139,153.992237704977
707,421.361879665456,157.96887783609083
708,419.8549632947032,161.93149723510697
709,418.3107821535672,165.87974419461472
710,416.7294732978429,169.8132682828478
711,415.1111770786432,173.7317203747874
712,413.4560371299424,177.6347526831493
713,411.764200355828,181.5220187892521
714,410.035816917461,185.393173673764
715,408.2710402197494,189.24787374732568
716,406.4700268977321,193.0857768810457
717,404.632936802676,196.90654243686677
718,402.759932987889,200.70983129779952
719,400.8511816942476,204.4953058980213
720,398.906852335442,208.26263025283708
721,396.9271174829394,212.0114699885005
722,394.9121528506678,215.74149237189124
723,392.8621372794195,219.45236634004772
724,390.77725272097854,223.1437625295506
725,388.6576842219707,226.8153533057559
726,386.5036199074401,230.4668127918748
727,384.31525096415135,234.09781689789716
728,382.092771623621,237.70804334935613
729,379.8363791448776,241.29717171593373
730,377.5462737969545,244.8648834398985
731,375.2226588411143,248.41086186438136
732,372.86574051280826,251.93479226148017
733,370.4757280033714,255.436361860194
734,368.0528334414557,258.9152598741837
735,365.5972718742022,262.3711775293557
736,363.1092612481543,265.803808091268
737,360.5890223899135,269.2128468923548
738,358.03677898653984,272.5979913589673
739,355.4527575656981,275.9589410382296
740,352.8371874755521,279.29539762470506
741,350.1903008644087,282.60706498687347
742,347.512332660113,285.8936491934142
743,344.80352054919706,289.15485853929454
744,342.064104955784,292.3904035716604
745,339.2943290202484,295.59999711552683
746,336.49443857763623,298.7833542992672
747,333.6646821358457,301.9401925798966
748,330.8053108535704,305.0702317681498
749,327.9165785180072,308.1731940533498
750,324.99874152233144,311.248804028065
751,322.05205884294,314.2967887125535
752,319.076792016466,317.31687757899186
753,316.07320511656525,320.308802575486
754,313.04156473047846,323.2722981498626
755,309.98213993536984,326.2071012732384
756,306.89520227444456,329.11295146336573
757,303.78102573284804,331.98959080775217
758,300.6398867133476,334.8367639865514
759,297.4720640118003,337.6542182952249
760,294.2778387924077,340.441703666971
761,291.05749456276124,343.1989726949197
762,287.8113171486788,345.92578065409145
763,284.53959466883595,348.6218855231188
764,281.2426175091936,351.28704800572626
765,277.92067829722447,353.9210315519702
766,274.5740718759405,356.52360237923364
767,271.20309527772366,359.0945294929762
768,267.80804769796265,361.63358470723614
769,264.38923046849715,364.1405426648836
770,260.9469470308729,366.6151808576219
771,257.4815029094092,369.05727964573725
772,253.99320568408183,371.4666222775927
773,250.4823649632236,373.8429949088661
774,246.94929235604408,376.1861866215306
775,243.3943014449729,378.4959894425747
776,239.8177077578271,380.7721983624611
777,236.21982873980588,383.0146113533226
778,232.60098372531564,385.22302938689353
779,228.96149390962697,387.3972564521745
780,225.3016823203664,389.5370995728298
781,221.62187378884576,391.6423688243152
782,217.92239492123144,393.7128773507349
783,214.20357406955583,395.7484413814264
784,210.46574130257437,397.7488802472709
785,206.7092283764693,399.7140163967291
786,202.93436870540484,401.64367541160016
787,199.1414973319341,403.5376860225018
788,195.3309508972623,405.3958801240725
789,191.5030676113674,407.2180927898907
790,187.6581872229822,409.0041622871144
791,183.7966509894392,410.7539300908347
792,179.91880164638195,412.4672408981468
793,176.0249833773453,414.1439426419338
794,172.11554178320662,415.7838865043633
795,168.1908238515118,417.3869269300965
796,164.25117792567778,418.9529216392068
797,160.29695367407498,420.481731639808
798,156.32850205899194,421.9732212403907
799,152.34617530548525,423.4272580618663
800,148.3503268701174,424.8437130493157
801,144.34131140958524,426.2224604834442
802,140.3194847492419,427.5633779917397
803,136.28520385151518,428.8663465593342
804,132.23882678422484,430.131250539567
805,128.18071268880183,431.3579776642491
806,124.1112217484121,432.5464190536277
807,120.03071515598836,433.6964692260498
808,115.93955508217164,434.8080261073249
809,111.83810464316656,435.8809910397839
810,107.72672786851234,436.9152687910363
811,103.60578966877304,437.9107675624224
812,99.47565580314934,438.86739899716105
813,95.33669284701551,439.7850781881916
814,91.18926815938208,440.6637236857106
815,87.03374985029252,441.5032575044002
816,82.87050674814992,442.3036051303503
817,78.69990836698129,443.0646955276721
818,74.52232487364093,443.78646114480273
819,70.33812705495583,444.46883792050136
820,66.147686284816,445.1117652895344
821,61.951374491212654,445.7151861880516
822,57.749564123227294,446.2790470586506
823,53.54262811797452,446.8032978551303
824,49.330939867501456,447.2878920469332
825,45.11487318564696,447.7327866232749
826,40.89480227486317,448.13794209696175
827,36.6711016930028,448.5033225078956
828,32.444146320074665,448.8288954262655
829,28.214311324970804,449.11463195542586
830,23.98197213216784,449.3605067344614
831,19.74750438840568,449.566497940438
832,15.51128392934656,449.7325872903399
833,11.273686746217203,449.8587600426918
834,7.035088952437278,449.945004998868
835,2.795866750236929,449.99131450408566
836,-1.4436036027335133,449.9976844480849
837,-5.682945826798779,449.964114265493
838,-9.921783653655844,449.8906069358751
839,-14.159740859770109,449.7771689834692
840,-18.396441299767613,449.62381047660745
841,-22.63150893982029,449.4305450268226
842,-26.86456789102135,449.1973897876397
843,-31.095242442747782,448.9243654530535
844,-35.32315709600704,448.611496255692
845,-39.547936596764906,448.25880996466566
846,-43.76920596925172,447.8663378831024
847,-47.98659054924378,447.4341148453694
848,-52.19971601731716,446.9621792139816
849,-56.40820843207093,446.4505728761965
850,-60.61169426331678,445.89934124029634
851,-64.80980042523224,445.30853323155793
852,-69.0021543094743,444.67820128791055
853,-73.18838381825084,444.00840135528114
854,-77.36811739734658,443.2991928826291
855,-81.5409840691009,442.5506388166699
856,-85.70661346533437,441.762805596288
857,-89.8646358602214,440.93576314664
858,-94.0146822031056,440.0695848729483
859,-98.15638415125537,439.1643476539861
860,-102.28937410255664,438.22013183525377
861,-106.41328522814,437.2370212218477
862,-110.52775150493886,436.21510307102216
863,-114.63240774817643,435.1544680844445
864,-118.7268896437782,434.055210400145
865,-122.81083378070689,432.9174275841613
866,-126.88387768321776,431.7412206218793
867,-130.94565984303046,430.5266939090692
868,-134.9958197514151,429.2739552426206
869,-139.0339979311899,427.9831158109744
870,-143.05983596862671,426.654290184254
871,-147.07297654526283,425.28759630409695
872,-151.07306346961505,423.8831554731866
873,-155.05974170879395,422.4410923444855
874,-159.03265742001537,420.9615349101721
875,-162.991457982006,419.4446144902804
876,-166.93579202630104,417.8904657210446
877,-170.86530946843,416.2992265429491
878,-174.7796615389892,414.6710381884855
879,-178.67850081459704,413.0060451696174
880,-182.56148124873025,411.304395264954
881,-186.4282582024373,409.56623950663385
882,-190.27848847492783,407.7917321669197
883,-194.11183033403336,405.98103074450586
884,-197.92794354653844,404.1342959505396
885,-201.72648940837848,402.25169169435617
886,-205.50713077470172,400.3333850689318
887,-209.26953208979327,398.3795463360525
888,-213.01335941685736,396.3903489112024
889,-216.73828046765655,394.3659693481721
890,-220.44396463200468,392.3065873233885
891,-224.13008300711,390.2123856199672
892,-227.7963084267679,388.0835501114893
893,-231.44231549039864,385.9202697455043
894,-235.0677805919289,383.72273652675926
895,-238.672381948514,381.4911455001579
896,-242.25579962909728,379.2256947334485
897,-245.81771558280735,376.9265852996443
898,-249.3578136671861,374.5940212591772
899,-252.87577967624853,372.228209641786
900,-256.37130136837084,369.8293604281412
901,-259.8440684940034,367.3976865312078
902,-263.29377282320786,364.9334037773481
903,-266.72010817301384,362.4367308871657
904,-270.1227704345952,359.90788945609256
905,-273.5014576002613,357.34710393472125
906,-276.8558697902621,354.7546016088832
907,-280.18570927940453,352.13061257947595
908,-283.4906805234773,349.4753697420402
909,-286.77049018548246,346.7891087660888
910,-290.02484716167066,344.0720680741893
911,-293.2534626073788,341.32448882080337
912,-296.4560499626663,338.5466148708817
913,-299.63232497775,335.73869277822
914,-302.782005738232,332.9009717635761
915,-305.9048126901219,330.0337036925493
916,-309.0004686646493,327.1371430532264
917,-312.0686989028636,324.2115469335938
918,-315.10923108002095,321.2571749987196
919,-318.12179532975495,318.2742894677066
920,-321.1061242680285,315.2631550904187
921,-324.0619530168663,312.2240391239828
922,-326.9890192278641,309.1572113090677
923,-329.88706310547394,306.0629438459433
924,-332.75582743006265,302.9415113703211
925,-335.5950575807415,299.79319092897816
926,-338.40450155796594,296.61826195516795
927,-341.1839100059013,293.41700624381855
928,-343.93303623455546,290.18970792652163
929,-346.6516362416739,286.9366534463142
930,-349.3394687343961,283.6581315322547
931,-351.9962951506723,280.35443317379656
932,-354.6218796804372,277.0258515949613
933,-357.2159892865393,273.6726822283127
934,-359.7783937254249,270.29522268873546
935,-362.30886556757343,266.8937727470201
936,-364.807180217683,263.4686343032562
937,-367.2731159346053,260.020111360037
938,-369.7064538510256,256.5485099954772
939,-372.1069779928896,253.0541383360469
940,-374.4744752985718,249.5373065292229
941,-376.8087356377858,245.9983267159621
942,-379.1095518302367,242.43751300299445
943,-381.3767196640063,238.855181434948
944,-383.61003791368097,235.2516499662951
945,-385.8093083582104,231.62723843313265
946,-387.9743357985015,227.9822685247948
947,-390.1049280747429,224.3170637553007
948,-392.2008960834613,220.63194943464097
949,-394.2620537943047,216.92725263990425
950,-396.28821826655405,213.20330218624667
951,-398.2792096653608,209.4604285977081
952,-400.2348512777077,205.6989640778756
953,-402.1549695280939,201.91924248039837
954,-404.03939399394,198.12159927935608
955,-405.8879574207149,194.30637153948368
956,-407.7004957367806,190.4738978862545
957,-409.47684806795405,186.62451847582528
958,-411.2168567517863,182.75857496484505
959,-412.9203673515557,178.87641048013097
960,-414.5872286699754,174.97836958821384
961,-416.2172927626128,171.06479826475544
962,-417.8104149510208,167.13604386384108
963,-419.3664538355788,163.19245508714977
964,-420.88527130804255,159.23438195300477
965,-422.3667325638027,155.26217576530712
966,-423.8107061138492,151.27618908235544
967,-425.2170637964416,147.27677568555396
968,-426.5856807884844,143.2642905480122
969,-427.9164356166064,139.2390898030391
970,-429.2092101679411,135.20153071253367
971,-430.463889700611,131.15197163527586
972,-431.6803628539112,127.09077199512
973,-432.8585216581933,123.0182922490937
974,-433.9982615444486,118.93489385540488
975,-435.0994813535891,114.8409392413601
976,-436.1620833454263,110.73679177119708
977,-437.1859732073456,106.62281571383352
978,-438.171060062678,102.49937621053616
979,-439.1172564787653,98.36683924251211
980,-440.0244784747207,94.22557159842574
981,-440.8926455288823,90.07594084184387
982,-441.72168058596014,85.91831527861216
983,-442.5115100638754,81.7530639241657
984,-443.2620638602909,77.58055647077654
985,-443.97327535883375,73.40116325474119
986,-444.6450814350073,69.21525522351091
987,-445.2774224617941,65.02320390276779
988,-445.8702423149485,60.82538136344959
989,-446.4234883779776,56.622160188726
990,-446.9371115468112,52.413913440929576
991,-447.4110662341607,48.20101462844413
992,-447.84531037356464,43.98383767255347
993,-448.2398054231228,39.76275687425359
994,-448.5945163689167,35.538146881031025
995,-448.9094117281175,31.310382653610617
996,-449.18446355178014,27.07983943267531
997,-449.4196474273244,22.84689270556122
998,-449.6149424807011,18.61191817293077
999,-449.7703313782451,14.375291715426885
1000,-449.8858003282138,10.137389360311207
1001,-449.9613390820112,5.898587248089333
1002,-449.9969409350976,1.6592615991259627
1003,-449.99260272758426,-2.5802113197470256
1004,-449.9483248445145,-6.81945522862662
1005,-449.8641112158292,-11.05809386793589
1006,-449.7399693160177,-15.295751031819384
1007,-449.5759101634552,-19.53205060153377
1008,-449.3719483194238,-23.76661657883076
1009,-449.1281018868208,-27.99907311932928
1010,-448.8443925085518,-32.229044565874055
1011,-448.5208453656097,-36.45615548187755
1012,-448.1574891748397,-40.680030684642304
1013,-447.7543561863905,-44.90029527866078
1014,-447.31148218085207,-49.116574688889685
1015,-446.8289064660796,-53.32849469399586
1016,-446.3066718737048,-57.53568145957082
1017,-445.7448247553346,-61.73776157131084
1018,-445.1434149784368,-65.93436206815988
1019,-444.5024959219141,-70.1251104754122
1020,-443.8221244713664,-74.30963483777185
1021,-443.1023610140418,-78.48756375236604
1022,-442.3432694334773,-82.65852640170947
1023,-441.5449171038279,-86.82215258661671
1024,-440.7073748838873,-90.97807275905974
1025,-439.8307171107989,-95.12591805496768
1026,-438.9150215934571,-99.26532032696564
1027,-437.9603696056022,-103.3959121770504
1028,-436.9668458786063,-107.51732698919902
1029,-435.93453859395294,-111.62919896190849
1030,-434.8635393754106,-115.7311631406628
1031,-433.75394328090033,-119.82285545032506
1032,-432.6058487940588,-123.90391272745144
1033,-431.4193578154975,-127.97397275252408
1034,-430.1945756537578,-132.03267428210054
1035,-428.931611015965,-136.07965708087627
1036,-427.6305759981792,-140.11456195365793
1037,-426.2915860754465,-144.137030777244
1038,-424.9147600915495,-148.14670653221071
1039,-423.50022024845936,-152.1432333345996
1040,-422.0480920954898,-156.12625646750442
1041,-420.5585045181534,-160.0954224125547
1042,-419.0315897267226,-164.0503788812926
1043,-417.4674832444947,-167.99077484644062
1044,-415.8663238957641,-171.91626057305766
1045,-414.2282537934997,-175.82648764958017
1046,-412.5534183267327,-179.72110901874575
1047,-410.84196614765136,-183.59977900839675
1048,-409.0940491584077,-187.46215336216093
1049,-407.3098224976352,-191.3078892700062
1050,-405.4894445266791,-195.13664539866727
1051,-403.6330768155412,-198.9480819219412
1052,-401.7408841285389,-202.7418605508489
1053,-399.8130344096819,-206.51764456366072
1054,-397.84969876776586,-210.2750988357822
1055,-395.85105146118536,-214.01388986949888
1056,-393.8172698824675,-217.73368582357617
1057,-391.7485345425272,-221.4341565427123
1058,-389.64502905464553,-225.11497358684176
1059,-387.5069401181733,-228.77581026028628
1060,-385.3344575019596,-232.4163416407514
1061,-383.12777402750953,-236.0362446081652
1062,-380.8870855518693,-239.635197873357
1063,-378.6125909502432,-243.2128820065744
1064,-376.3044920983416,-246.76897946583395
1065,-373.962993854464,-250.30317462510573
1066,-371.5883040413158,-253.8151538023265
1067,-369.18063342756335,-257.3046052872414
1068,-366.74019570912645,-260.77121936907
1069,-364.2672074902117,-264.21468836399515
1070,-361.7618882640875,-267.63470664247177
1071,-359.2244603936025,-271.0309706563535
1072,-356.6551490914498,-274.4031789658344
1073,-354.0541824001775,-277.7510322662038
1074,-351.4217911719491,-281.07423341441137
1075,-348.75820904805306,-284.37248745544025
1076,-346.06367243816646,-287.6455016484865
1077,-343.3384204993715,-290.8929854929416
1078,-340.5826951149296,-294.11465075417595
1079,-337.7967408728119,-297.31021148912185
1080,-334.9808050439909,-300.4793840716526
1081,-332.13513756049394,-303.621887217756
1082,-329.2599909932195,-306.7374420105003
1083,-326.3556205295204,-309.82577192478954
1084,-323.4222839505541,-312.88660285190724
1085,-320.4602416084033,-315.9196631238451
1086,-317.4697564029677,-318.9246835374151
1087,-314.45109375863007,-321.9013973781432
1088,-311.4045216006982,-324.8495404439419
1089,-308.33031033162524,-327.76885106855974
1090,-305.2287328070089,-330.6590701448057
1091,-302.1000643113745,-333.51994114754723
1092,-298.9445825337417,-336.35121015647746
1093,-295.7625675429774,-339.1526258786532
1094,-292.5543017629384,-341.92393967079806
1095,-289.3200699474041,-344.6649055613716
1096,-286.060159154803,-347.37528027240046
1097,-282.77485872273445,-350.0548232410711
1098,-279.4644602422882,-352.7032966410812
1099,-276.1292575321636,-355.320465403748
1100,-272.76954661259145,-357.9060972388726
1101,-269.3856256790605,-360.4599626553567
1102,-265.9777950758507,-362.9818349815715
1103,-262.54635726937533,-365.4714903854766
1104,-259.09161682133595,-367.928707894486
1105,-255.61388036168992,-370.3532694150811
1106,-252.1134565614354,-372.7449597521678
1107,-248.59065610521495,-375.1035666281764
1108,-245.04579166374003,-377.4288807019024
1109,-241.47917786603972,-379.72069558708745
1110,-237.89113127153536,-381.9788078707366
1111,-234.2819703419438,-384.2030171311732
1112,-230.65201541301283,-386.3931259558266
1113,-227.0015886660864,-388.5489399587559
1114,-223.33101409951323,-390.6702677979001
1115,-219.64061749988724,-392.7569211920628
1116,-215.9307264131324,-394.80871493762265
1117,-212.20167011543103,-396.8254669249717
1118,-208.45377958399888,-398.8069981546784
1119,-204.6873874677081,-400.7531327533752
1120,-200.90282805756323,-402.6636979893683
1121,-197.10043725703025,-404.5385242879688
1122,-193.28055255222336,-406.3774452465432
1123,-189.4435129819509,-408.1802976492832
1124,-185.58965910762345,-409.9469214816915
1125,-181.71933298302685,-411.6771599447847
1126,-177.8328781239629,-413.3708594690097
1127,-173.93063947776002,-415.0278697278744
1128,-170.01296339265718,-416.6480436512897
1129,-166.08019758706308,-418.2312374386233
1130,-162.13269111869417,-419.7773105714625
1131,-158.1707943535934,-421.28612582608656
1132,-154.1948589350333,-422.7575492856457
1133,-150.20523775230504,-424.1914503520474
1134,-146.2022849093976,-425.5877017575477
1135,-142.18635569356877,-426.9461795760468
1136,-138.15780654381092,-428.2667632340886
1137,-134.11699501921515,-429.54933552156245
1138,-130.0642797672354,-430.7937826021057
1139,-126.0000204918564,-431.9999940232081
1140,-121.92457792166756,-433.1678627260144
1141,-117.83831377784612,-434.2972850548272
1142,-113.74159074205208,-435.3881607663069
1143,-109.63477242423792,-436.4403930383685
1144,-105.5182233303759,-437.4538884787754
1145,-101.39230883010596,-438.428557133429
1146,-97.25739512430675,-439.3643124943519
1147,-93.11384921259312,-440.26107150736647
1148,-88.96203886074241,-441.11875457946667
1149,-84.80233256805313,-441.93728558588185
1150,-80.63509953463819,-442.7165918768338
1151,-76.46070962865612,-443.4566042839844
1152,-72.27953335348293,-444.1572571265753
1153,-68.0919418148276,-444.81848821725714
1154,-63.89830668779417,-445.440238867609
1155,-59.69900018389308,-446.0224538933478
1156,-55.49439501800526,-446.5650816192256
1157,-51.28486437530118,-447.0680738836167
1158,-47.07078187811842,-447.5313860427921
1159,-42.85252155280025,-447.9549769748817
1160,-38.63045779649851,-448.3388090835245
1161,-34.40496534394346,-448.6828483012049
1162,-30.17641923418374,-448.98706409227736
1163,-25.94519477729929,-449.25142945567575
1164,-21.7116675210902,-449.4759209273102
1165,-17.476213217744505,-449.66051858214985
1166,-13.239207790487788,-449.805206035991
1167,-9.001027300217658,-449.9099704469114
1168,-4.762047912125949,-449.9748025164105
1169,-0.5226458623117103,-449.9996964902339
1170,3.7168025756121215,-449.9846501588848
1171,7.955921123915374,-449.9296648578198
1172,12.194333534147654,-449.8347454673304
1173,16.43166362053277,-449.69990041211
1174,20.667535293357577,-449.5251416605058
1175,24.90157259235232,-449.3104847234569
1176,29.133399720059447,-449.0559486531174
1177,33.36264107518805,-448.76155604116553
1178,37.5889212859508,-448.4273330167984
1179,41.81186524338053,-448.0533092444128
1180,46.031098134623605,-447.6395179209725
1181,50.246245476206845,-447.1859957730617
1182,54.45693314727533,-446.69278305362536
1183,58.662787422797926,-446.1599235383963
1184,62.863435006737824,-445.5874645220101
1185,67.05850306518484,-444.97545681380745
1186,71.24761925944676,-444.323954733324
1187,75.43041177909684,-443.63301610546966
1188,79.60650937497422,-442.9027022553962
1189,83.77554139213466,-442.13307800305415
1190,87.93713780274848,-441.3242116574394
1191,92.09092923894292,-440.4761750105311
1192,96.2365470255858,-439.58904333091857
1193,100.37362321300776,-438.6628953571218
1194,104.50179060966018,-437.697813290602
1195,108.62068281470565,-436.69388278846674
1196,112.72993425053834,-435.6511929558661
1197,116.82918019523149,-434.5698363380852
1198,120.91805681490854,-433.4499089123293
1199,124.99620119603584,-432.29151007920586
1200,129.06325137763343,-431.0947426539018
1201,133.1188463834014,-429.859712857058
1202,137.16262625375876,-428.58653030534185
1203,141.19423207779215,-427.2753080017175
1204,145.21330602511148,-425.9261623254168
1205,149.21949137760956,-424.53921302160944
1206,153.2124325611231,-423.114583190775
1207,157.1917751769922,-421.6523992777771
1208,161.15716603351532,-420.1527910606402
1209,165.10825317729754,-418.6158916390316
1210,169.04468592448828,-417.0418374224475
1211,172.96611489190704,-415.4307681181061
1212,176.87219202805306,-413.7828267185475
1213,180.76257064399732,-412.0981594889424
1214,184.63690544415337,-410.3769159541101
1215,188.4948525569241,-408.619248885247
1216,192.33606956522303,-406.82531428636753
1217,196.1602155368656,-404.9952713804575
1218,199.9669510548294,-403.1292825953425
1219,203.75593824737905,-401.2275135492708
1220,207.526840818055,-399.29013303621423
1221,211.27932407552169,-397.3173130108864
1222,215.01305496327333,-395.3092285734807
1223,218.7277020891952,-393.26605795412894
1224,222.4229357549764,-391.1879824970824
1225,226.09842798537284,-389.0751866446165
1226,229.75385255731712,-386.9278579206602
1227,233.38888502887272,-384.746186914152
1228,237.0032027680305,-382.5303672621245
1229,240.596484981344,-380.280595632517
1230,244.16841274240224,-377.9970717067209
1231,247.71866902013625,-375.6799981618561
1232,251.24693870695745,-373.3295806527824
1233,254.75290864672584,-370.9460277938463
1234,258.23626766254404,-368.529551140365
1235,261.6967065843766,-366.0803651698499
1236,265.1339182764908,-363.5986872629701
1237,268.5475976647164,-361.08473768425824
1238,271.9374417635236,-358.5387395625614
1239,275.30314970291425,-355.9609188712362
1240,278.64442275512647,-353.3515044080927
1241,281.9609643611483,-350.7107277750871
1242,285.2524801570392,-348.0388233577656
1243,288.5186780000569,-345.33602830446097
1244,291.75926799458693,-342.6025825052444
1245,294.97396251787205,-339.8387285706339
1246,298.1624762455417,-337.0447118100606
1247,301.32452617693514,-334.2207802100964
1248,304.4598316602204,-331.3671844124433
1249,307.56811441730366,-328.4841776916879
1250,310.6490985685279,-325.57201593282093
1251,313.7025106571593,-322.63095760852656
1252,316.7280796736581,-319.6612637562407
1253,319.7255370797324,-316.6631979549828
1254,322.6946168321728,-313.6370263019613
1255,325.6350554064649,-310.583017388956
1256,328.54659182017963,-307.50144227847824
1257,331.428967656136,-304.3925744797135
1258,334.2819270853383,-301.2566899242448
1259,337.1052168896818,-298.09406694156223
1260,339.89858648442777,-294.9049862343598
1261,342.6617879404444,-291.6897308536211
1262,345.39457600621205,-288.44858617349644
1263,348.0967081295908,-285.1818398659748
1264,350.7679444793486,-281.8897818753504
1265,353.4080479664479,-278.5727043924886
1266,356.0167842650884,-275.23090182889257
1267,358.59392183350536,-271.86467079057155
1268,361.1392319345202,-268.47431005171586
1269,363.6524886558422,-265.0601205281786
1270,366.1334689301201,-261.62240525076743
1271,368.5819525547402,-258.16146933834887
1272,370.9977222113712,-254.67761997076664
1273,373.3805634852522,-251.17116636157812
1274,375.7302648842235,-247.64241973060928
1275,378.046617857498,-244.091693276332
1276,380.329416814171,-240.51930214806583
1277,382.5784591414683,-236.92556341800676
1278,384.7935452227287,-233.3107960530843
1279,386.9744784551216,-229.6753208866521
1280,389.121065267097,-226.0194605900112
1281,391.2331151355655,-222.34353964377135
1282,393.3104406028085,-218.64788430905213
1283,395.3528572931177,-214.93282259852185
1284,397.3601839291575,-211.19868424728912
1285,399.3322423480555,-207.44580068363365
1286,401.2688575172159,-203.6745049995908
1287,403.16985754985393,-199.8851319213875
1288,405.0350737202528,-196.0780177797332
1289,406.8643404787385,-192.2535004799683
1290,408.6574954663735,-188.411919472073
1291,410.41437952936735,-184.5536157205392
1292,412.13483673320223,-180.6789316741072
1293,413.8187143764737,-176.78821123537193
1294,415.4658630044431,-172.88179973025876
1295,417.07613642230336,-168.96004387737418
1296,418.64939170815416,-165.02329175723193
1297,420.1854892256876,-161.07189278135905
1298,421.6842926365813,-157.10619766128292
1299,423.1456689125997,-153.12655837740402
1300,424.5694883474012,-149.1333281477549
1301,425.9556245680499,-145.12686139665018
1302,427.3039545462325,-141.10751372322903
1303,428.6143586091776,-137.07564186989356
1304,429.88672045027744,-133.03160369064562
1305,431.120927139411,-128.97575811932515
1306,432.316869132967,-124.90846513775236
1307,433.4744402835667,-120.83008574377722
1308,434.59353784948536,-116.74098191923856
1309,435.6740625037707,-112.64151659783585
1310,436.71591834305934,-108.5320536329167
1311,437.7190128960886,-104.41295776518253
1312,438.6832571319039,-100.2845945903154
1313,439.60856546776057,-96.14733052652926
1314,440.4948557767205,-92.00153278204805
1315,441.3420493949406,-87.84756932251341
1316,442.1500711286556,-83.68580883832571
1317,442.9188492608512,-79.51662071192031
1318,443.64831555762976,-75.34037498498255
1319,444.3384052742665,-71.1574423256042
1320,444.989057160956,-66.9681939953844
1321,445.60021346824834,-62.77300181647785
1322,446.17181995217487,-58.57223813859319
1323,446.70382587906266,-54.36627580594469
1324,447.1961840300376,-50.1554881241599
1325,447.648850705215,-45.94024882714654
1326,448.0617857275785,-41.720932043921145
1327,448.4349524465462,-37.49791226540283
1328,448.76831774122303,-33.27156431117488
1329,449.0618520233412,-29.04226329621705
1330,449.3155292398857,-24.81038459761189
1331,449.529326875407,-20.576303821227555
1332,449.7032259540195,-16.340396768380476
1333,449.83721104108537,-12.103039402480611
1334,449.93127024458505,-7.864607815662336
1335,449.98539521617215,-3.625478195403884
